Provinsi,Produksi Bawang Daun (kuintal) (Kw),Produksi Bawang Merah (kuintal) (Kw),Produksi Bawang Putih (kuintal) (Kw),Produksi Bayam (kuintal) (Kw),Produksi Buncis (kuintal) (Kw),Produksi Cabai Rawit (kuintal) (Kw),Produksi Kacang Panjang (kuintal) (Kw),Produksi Kangkung (kuintal) (Kw),Produksi Kembang Kol (kuintal) (Kw),Produksi Kentang (kuintal) (Kw),Produksi Ketimun (kuintal) (Kw),Produksi Kubis (kuintal) (Kw),Produksi Labu Siam (kuintal) (Kw),Produksi Melon (kuintal) (Kw),Produksi Paprika (kuintal) (Kw),Produksi Petsai/Sawi (kuintal) (Kw),Produksi Semangka (kuintal) (Kw),Produksi Stroberi (kuintal) (Kw),Produksi Terung (kuintal) (Kw),Produksi Tomat (kuintal) (Kw),Produksi Wortel (kuintal) (Kw),Produksi Cabai Besar/TW/Teropong (kuintal) (Kw),Produksi Cabai Keriting(kuintal) (Kw),Produksi Jamur Tiram (kuintal) (Kw),Produksi Jamur Merang (kuintal) (Kw),Produksi Jamur Lainnya (kuintal) (Kw)
Aceh,6896.5,131843.96,-,49610.05,1863,644939.16,156366.13,76455.61,4171,110241,171082.75,34235.92,12595.5,3083.6,160,23702.79,55702,457,98381.79,109431.69,1103.5,34266,659969.05,358.55,23.3,-
Sumatera Utara,224163.3,580699.86,366.5,175810.08,591592.35,841180.3,301071.84,244620.46,633798.4,1366082.14,262529.46,2569200.4,160540.67,26424.5,1,869650.78,335660.05,1599.4,827456.97,2156612.6,1705327.6,29294.19,1916636.2,14875.92,145.5,-
Sumatera Barat,626795.34,2307184.11,8678.5,69060.3,487499.68,277163.69,142584.61,84624.2,105884.5,174808,194220.05,2488817.5,309678.66,17477,-,272577.28,97219.83,914.5,836407.55,855874.65,258010.6,2.26,1141695.55,769.56,-,-
Riau,159.7,2455.15,-,93012.73,73.1,62856.38,90389.66,121781.28,36.52,-,111918.99,-,1120.5,16282.04,-,33707.71,210476.21,-,69740.24,2720.43,-,11396.1,79071,8871.53,-,590
Jambi,106562.8,122876.65,2260,49967.77,59913.5,435784.76,87112.8,64119,51665,1379840,63990.15,749582,67186,13804.2,-,318056.85,82017.95,213.81,357901.75,561832.1,105435,11156,1703414.68,1202.21,-,-
Sumatera Selatan,23293.2,8965.03,-,29139.23,21282.75,89519.57,58329.02,39568.15,2693.3,7615,58261.14,28765.3,16945.91,15832.66,15,31281.16,76349.07,51.1,92217.09,68282.01,16890,66037.9,109846.74,25446.89,-,2937
Bengkulu,140644.25,7222.15,-,2814.46,254228.91,242079.1,90098.6,24067.05,108248,35858,179248.25,643812.8,133718,3371.1,7.7,302723.65,13417.6,648,769588.09,326629.59,335428.5,296531.85,169233.09,5540.54,0.17,0.05
Lampung,39169.52,16487.2,-,74455.14,32327.5,113333.83,121362.98,134081.88,4088,525,108628.13,40495.47,22226.25,33962.3,-,112154.87,179342.9,-,186402.81,135864.02,72899.5,59858.1,212322.05,14369.21,2615.93,2535.9
Kepulauan Bangka Belitung,2189.1,1198.46,-,11493.27,4415.2,60092.78,15562.99,16339.81,-,-,32351.41,-,36.6,2473.8,-,13607.77,28159.3,-,22827.91,9573.32,-,-,77745.34,372.11,-,-
Kepulauan Riau,4526.9,1022.9,-,39799.57,2705.15,14877.92,35168.45,45577.31,0.3,-,35008.34,-,0.7,-,-,29000.29,15192.85,-,7703.54,2832.95,60,4496.84,40587.68,359.3,-,-
DKI Jakarta,-,129.27,-,26831.94,-,404.15,5.24,37592.51,66,-,29.5,-,0.35,28.17,-,19502.74,2.01,-,272.57,26.7,-,1.2,120.6,0.01,-,-
Jawa Barat,1679364.83,1998916.86,3433,322040,725193.79,1637558.85,609758.01,634428.87,337641.05,2496534,1183893.87,2427164.91,1420075.72,15984.78,22812.4,1498384.19,72849.8,280892.08,1014777.1,2647101.29,1002212,1441340.45,1800944.66,170771.04,24477.62,332.8
Jawa Tengah,1155694,6078967.21,277838.04,123339.4,295527.81,2480670.16,185975.94,285142.29,257821.25,2958773,260505.4,1730552.5,958597.63,278448.12,122.4,882276.41,543191.26,23677.65,519747.22,1026286.65,1300492.75,407699.86,1610360.95,71562.93,462.84,8912.57
DI Yogyakarta,2550,333117.91,-,26928.44,3631.5,290844.06,24710.59,58255.59,478.43,10,13669.68,1.14,1026.55,103182.82,-,49459.98,82448.14,7.55,33520.37,11765.67,-,29994.3,453980.74,16037.99,553.7,74.65
Jawa Timur,1101755.55,4766656.52,4826.18,131621.37,268399.89,5689979.04,281185.56,302684.21,236106.72,3018745.28,545553.42,1884359.39,345993.58,603613.59,139215.4,1004709.34,1123591.28,2263.51,852059.23,1132397.7,1067970.44,814265.1,371350.9,86611.29,3912.14,5560.57
Banten,3287.8,10807.01,-,78469.17,563,27051.26,40525.1,102819,-,-,58735.1,32,812,2258.64,-,80519.79,3561.24,-,26431.56,4753.22,937,2841.89,30965.17,1324.92,-,36
Bali,5105.54,350993.58,1166.74,8369.24,40726.8,231907.06,61476.47,52917.36,11370.65,1380.5,57362.56,124450.81,404264.59,3415.85,1441,168045.23,247184.34,3310,17659.18,43805.28,14847.5,76145.64,17,156.74,-,-
Nusa Tenggara Barat,21322,1598852.8,94293,5383.37,10904.44,941552.26,38098.49,78383.84,10477.5,17370,33190.4,80960.19,1565.61,18859.85,-,32628.27,220999.36,3250,70420.43,252143.42,56047.5,104445.36,57033.72,1501.07,-,82.23
Nusa Tenggara Timur,3358.01,81046.35,1510.24,46020.89,34837.04,112891.23,63409.03,112498.21,7341.91,1020.3,41390.16,24558.24,185078.25,3214.2,331.9,91071.79,32349.58,92.92,114660.96,93474,6230.25,12829.41,14126.35,0.1,-,-
Kalimantan Barat,10136.86,216.88,-,33481.92,7990.35,94679.93,68437.86,46749.19,-,-,97414.56,-,207.43,5364.24,-,44352.11,50643.87,-,69557.76,29135.38,-,24407.39,6696.21,2.49,-,-
Kalimantan Tengah,11727.82,463.05,-,10270.41,10893.42,39795,28528.3,14770.75,55.5,-,40587.08,10,1264.8,3049.45,-,15630.3,81116.48,-,47626.57,28033.45,-,7794,2297.1,638.92,-,-
Kalimantan Selatan,8518.26,4900.9,-,11124.94,22252.25,125753.72,37935.11,10038,625.5,-,43461.58,-,244,13053,-,9677.76,157063.19,-,57400.91,49183.45,-,81930.35,28900.2,1211.91,-,-
Kalimantan Timur,5421.86,3444.55,-,48255.03,28625.01,64675.69,55000.4,90943.6,1224.28,-,94711.11,51.6,3419,8226.45,-,57609.91,104495.17,-,88623.1,65269.43,-,10073.48,37790.29,1959.94,-,-
Kalimantan Utara,21305.06,-,-,21993.54,34256.5,69516.29,35104.15,47508.12,1.5,-,57737.85,-,33887.5,6238,-,37349.36,38037.31,-,110938.87,104332.75,-,55728.85,26341.27,6813.71,-,-
Sulawesi Utara,534454.35,27506.49,-,5137.91,13931.64,132955.76,11311.4,43585.95,15514.27,522466,15251.56,763591.31,159504.57,3574.6,5,489332,10237.55,34.5,71233.08,338830.47,488976.37,228.5,48613.56,-,-,-
Sulawesi Tengah,82391.66,32382.96,-,12950.2,11992.23,229567.57,33749.63,27642.65,7854.7,8185,44342.82,222793.55,42028.09,9420.85,65,64788.38,36579.97,90.5,89776.39,163240.5,37260.82,25764.89,69115.09,0.25,-,-
Sulawesi Selatan,407901.73,2351870.02,-,47811.41,63818.92,364571.3,80641.76,98316.48,24257.03,603268.61,59785.77,693091.26,137140.33,11819.3,418,197505.78,221180.26,191.1,101975.17,984659.18,345117.63,162255,70287.07,2751.15,-,0.5
Sulawesi Tenggara,4121.93,7821.48,-,27808.69,3152.95,38915.56,35204.01,43045.1,212.75,5,25089.82,3893.98,9528.71,1967.2,-,14053.84,23033.76,0.03,48141.67,41850.69,-,16230.29,17092.18,129.35,-,-
Gorontalo,1016,1956,-,133,-,103720.4,6811.5,7507.25,103,-,5692,-,940,-,-,712.25,6310,-,14434.9,59357.82,-,-,5770.47,0.16,-,-
Sulawesi Barat,1895.22,8818.9,-,17607.57,87.8,32753.37,22338.55,18764.25,-,802,18765.8,174,1937,73,-,8937,3627,-,19975.05,22825.26,56,23507.01,8087.12,1,-,-
Maluku,3351.3,4887.1,-,12775.62,9186.47,39403.19,13942.24,30888.29,416,222,15519.27,4271.44,1784.61,1309,180.22,25878.65,6901.62,-,23755.11,25023.32,212.96,4373.9,17059.1,-,-,-
Maluku Utara,5661.04,5712.1,-,8089.41,2450.48,40375.11,35378.03,20763.65,94,-,23424.48,4,5842.3,835,-,8912.04,5378.21,-,46082.33,87299.92,5.5,305,55502.92,-,-,-
Papua Barat,2456.19,1902.36,0.24,5313.9,3386.78,12926.26,7994.82,11400.77,122.08,732.38,7514.91,2891.21,5731.2,432.47,-,8348.56,1395.01,11.53,8314.14,15202.79,966.23,1185.11,306.73,-,-,-
Papua Barat Daya,1017.75,19.2,-,11509.84,2366.94,33249.84,8250.75,22076.38,62,-,4154.13,366,457,1545,-,8940.6,5210,-,7662.77,6688.6,-,1232.79,3484.96,-,-,-
Papua,1672.25,3661.3,6,16940.35,2035.05,14184.4,8765.88,25785.16,597,9,5269.45,14024.46,2304.52,1320,-,15855.18,4778,-,7232.4,9664.62,1,4123.74,506.1,-,-,0.12
Papua Selatan,1286.19,2191.5,-,6709.79,3321.4,15607.42,8804.37,8945.08,824.5,-,4268.53,14834.1,655.7,1075,-,13364.56,3470.8,-,8603.08,19961.45,0.02,2474.8,4.8,-,-,-
Papua Tengah,18368,10.5,1.75,21922,18463.5,40233.4,31999,50936,17,-,17434,12350,1563,22818,-,31642.8,30914.8,0.84,27613,35948.4,64,15823,5934,-,-,-
Papua Pegunungan,-,-,-,-,-,-,-,-,-,-,-,-,-,-,-,-,-,-,-,-,-,-,-,-,-,-
Indonesia,6269541.81,20857208.27,394380.19,1684001.95,3073897.1,15687569.77,2933389.27,3135623.3,1823869.64,12704492.21,3991993.48,14559335.48,4449902.83,1253837.78,164775.02,6885951.97,4210087.77,317706.02,6767122.66,11527914.77,6816552.67,3840040.55,10853210.64,433640.79,32191.2,21062.39
,,,,,,,,,,,,,,,,,,,,,,,,,,
Catatan,,,,,,,,,,,,,,,,,,,,,,,,,,
Angka tetap,,,,,,,,,,,,,,,,,,,,,,,,,,