No,Kode Wilayah,Kabupaten_Kota,Provinsi,Tahun,%AKE
1,1109,Kabupaten Simeulue,Aceh,2021,89.3
2,1110,Kabupaten Aceh Singkil,Aceh,2021,106.1
3,1101,Kabupaten Aceh Selatan,Aceh,2021,106.3
4,1102,Kabupaten Aceh Tenggara,Aceh,2021,102.6
5,1103,Kabupaten Aceh Timur,Aceh,2021,100.7
6,1104,Kabupaten Aceh Tengah,Aceh,2021,111.9
7,1105,Kabupaten Aceh Barat,Aceh,2021,117.5
8,1106,Kabupaten Aceh Besar,Aceh,2021,97.3
9,1107,Kabupaten Pidie,Aceh,2021,109.9
10,1111,Kabupaten Bireuen,Aceh,2021,105.5
11,1108,Kabupaten Aceh Utara,Aceh,2021,92.2
12,1112,Kabupaten Aceh Barat Daya,Aceh,2021,103.5
13,1113,Kabupaten Gayo Lues,Aceh,2021,130.2
14,1116,Kabupaten Aceh Tamiang,Aceh,2021,95.1
15,1115,Kabupaten Nagan Raya,Aceh,2021,121.1
16,1114,Kabupaten Aceh Jaya,Aceh,2021,114.8
17,1117,Kabupaten Bener Meriah,Aceh,2021,109.8
18,1118,Kabupaten Pidie Jaya,Aceh,2021,115.8
19,1171,Kota Banda Aceh,Aceh,2021,96.6
20,1172,Kota Sabang,Aceh,2021,98.9
21,1174,Kota Langsa,Aceh,2021,97.1
22,1173,Kota Lhokseumawe,Aceh,2021,97.5
23,1175,Kota Subulussalam,Aceh,2021,101
24,1204,Kabupaten Nias,Sumatera Utara,2021,97.3
25,1213,Kabupaten Mandailing Natal,Sumatera Utara,2021,103
26,1203,Kabupaten Tapanuli Selatan,Sumatera Utara,2021,107.1
27,1201,Kabupaten Tapanuli Tengah,Sumatera Utara,2021,101
28,1202,Kabupaten Tapanuli Utara,Sumatera Utara,2021,107.5
29,1212,Kabupaten Toba Samosir,Sumatera Utara,2021,108.5
30,1210,Kabupaten Labuhan Batu,Sumatera Utara,2021,90.2
31,1209,Kabupaten Asahan,Sumatera Utara,2021,98.7
32,1208,Kabupaten Simalungun,Sumatera Utara,2021,103
33,1211,Kabupaten Dairi,Sumatera Utara,2021,105.8
34,1206,Kabupaten Karo,Sumatera Utara,2021,118
35,1207,Kabupaten Deli Serdang,Sumatera Utara,2021,100.4
36,1205,Kabupaten Langkat,Sumatera Utara,2021,10
37,1214,Kabupaten Nias Selatan,Sumatera Utara,2021,105.4
38,1216,Kabupaten Humbang Hasundutan,Sumatera Utara,2021,109.5
39,1215,Kabupaten Pakpak Bharat,Sumatera Utara,2021,108.5
40,1217,Kabupaten Samosir,Sumatera Utara,2021,109.6
41,1218,Kabupaten Serdang Bedagai,Sumatera Utara,2021,102.2
42,1219,Kabupaten Batu Bara,Sumatera Utara,2021,102.2
43,1220,Kabupaten Padang Lawas Utara,Sumatera Utara,2021,115.1
44,1221,Kabupaten Padang Lawas,Sumatera Utara,2021,107.6
45,1222,Kabupaten Labuhan Batu Selatan,Sumatera Utara,2021,107.6
46,1223,Kabupaten Labuhan Batu Utara,Sumatera Utara,2021,102.5
47,1224,Kabupaten Nias Utara,Sumatera Utara,2021,100.5
48,1225,Kabupaten Nias Barat,Sumatera Utara,2021,94.9
49,1273,Kota Sibolga,Sumatera Utara,2021,90.3
50,1274,Kota Tanjung Balai,Sumatera Utara,2021,102.9
51,1272,Kota Pematang Siantar,Sumatera Utara,2021,101.9
52,1276,Kota Tebing Tinggi,Sumatera Utara,2021,102.3
53,1271,Kota Medan,Sumatera Utara,2021,103
54,1275,Kota Binjai,Sumatera Utara,2021,95.1
55,1277,Kota Padang Sidimpuan,Sumatera Utara,2021,105.8
56,1278,Kota Gunungsitoli,Sumatera Utara,2021,97
57,1309,Kabupaten Kepulauan Mentawai,Sumatera Barat,2021,101
58,1301,Kabupaten Pesisir Selatan,Sumatera Barat,2021,98.6
59,1302,Kabupaten Solok,Sumatera Barat,2021,104.5
60,1303,Kabupaten Sijunjung,Sumatera Barat,2021,104
61,1304,Kabupaten Tanah Datar,Sumatera Barat,2021,102.2
62,1305,Kabupaten Padang Pariaman,Sumatera Barat,2021,98.8
63,1306,Kabupaten Agam,Sumatera Barat,2021,100.1
64,1307,Kabupaten Limapuluh Koto,Sumatera Barat,2021,107
65,1308,Kabupaten Pasaman,Sumatera Barat,2021,109.9
66,1311,Kabupaten Solok Selatan,Sumatera Barat,2021,109.7
67,1310,Kabupaten Dharmas Raya,Sumatera Barat,2021,102.3
68,1312,Kabupaten Pasaman Barat,Sumatera Barat,2021,104
69,1371,Kota Padang,Sumatera Barat,2021,97.8
70,1372,Kota Solok,Sumatera Barat,2021,99.3
71,1373,Kota Sawah Lunto,Sumatera Barat,2021,103
72,1374,Kota Padang Panjang,Sumatera Barat,2021,91
73,1375,Kota Bukittinggi,Sumatera Barat,2021,105.3
74,1376,Kota Payakumbuh,Sumatera Barat,2021,94.8
75,1377,Kota Pariaman,Sumatera Barat,2021,97.8
76,1409,Kabupaten Kuantan Sengingi,Riau,2021,103.3
77,1402,Kabupaten Indragiri Hulu,Riau,2021,94.4
78,1404,Kabupaten Indragiri Hilir,Riau,2021,99.1
79,1405,Kabupaten Pelalawan,Riau,2021,102
80,1408,Kabupaten Siak,Riau,2021,101.1
81,1401,Kabupaten Kampar,Riau,2021,98.2
82,1406,Kabupaten Rokan Hulu,Riau,2021,103.7
83,1403,Kabupaten Bengkalis,Riau,2021,96.3
84,1407,Kabupaten Rokan Hilir,Riau,2021,103
85,1410,Kabupaten Kepulauan Meranti,Riau,2021,97.3
86,1471,Kota Pekanbaru,Riau,2021,94.7
87,1472,Kota Dumai,Riau,2021,97.1
88,1501,Kabupaten Kerinci,Jambi,2021,94
89,1502,Kabupaten Merangin,Jambi,2021,95
90,1503,Kabupaten Sarolangun,Jambi,2021,91.9
91,1504,Kabupaten Batang Hari,Jambi,2021,106.8
92,1505,Kabupaten Muaro Jambi,Jambi,2021,101.1
93,1507,Kabupaten Tanjung Jabung Timur,Jambi,2021,95.1
94,1506,Kabupaten Tanjung Jabung Barat,Jambi,2021,95.7
95,1509,Kabupaten Tebo,Jambi,2021,108.6
96,1508,Kabupaten Bungo,Jambi,2021,100.9
97,1571,Kota Jambi,Jambi,2021,100.9
98,1572,Kota Sungai Penuh,Jambi,2021,98.2
99,1601,Kabupaten Ogan Komering Ulu,Sumatera Selatan,2021,100.9
100,1602,Kabupaten Ogan Komering Ilir,Sumatera Selatan,2021,113.5
101,1603,Kabupaten Muara Enim,Sumatera Selatan,2021,102
102,1604,Kabupaten Lahat,Sumatera Selatan,2021,109.1
103,1605,Kabupaten Musi Rawas,Sumatera Selatan,2021,102.5
104,1606,Kabupaten Musi Banyuasin,Sumatera Selatan,2021,107.3
105,1607,Kabupaten Banyuasin,Sumatera Selatan,2021,117.1
106,1609,Kabupaten Ogan Komering Ulu Selatan,Sumatera Selatan,2021,99.2
107,1608,Kabupaten Ogan Komering Ulu Timur,Sumatera Selatan,2021,111.2
108,1610,Kabupaten Ogan Ilir,Sumatera Selatan,2021,103.9
109,1611,Kabupaten Empat Lawang,Sumatera Selatan,2021,102.4
110,1612,Kabupaten Penukal Abab Lematang Ilir,Sumatera Selatan,2021,103.7
111,1613,Kabupaten Musi Rawas Utara,Sumatera Selatan,2021,104.5
112,1671,Kota Palembang,Sumatera Selatan,2021,102.9
113,1674,Kota Prabumulih,Sumatera Selatan,2021,89.1
114,1672,Kota Pagar Alam,Sumatera Selatan,2021,105.9
115,1673,Kota Lubuklinggau,Sumatera Selatan,2021,107.4
116,1701,Kabupaten Bengkulu Selatan,Bengkulu,2021,100.7
117,1702,Kabupaten Rejang Lebong,Bengkulu,2021,103.5
118,1703,Kabupaten Bengkulu Utara,Bengkulu,2021,106.3
119,1704,Kabupaten Kaur,Bengkulu,2021,113
120,1705,Kabupaten Seluma,Bengkulu,2021,96.6
121,1706,Kabupaten Mukomuko,Bengkulu,2021,99.4
122,1707,Kabupaten Lebong,Bengkulu,2021,109.9
123,1708,Kabupaten Kepahiang,Bengkulu,2021,106.3
124,1709,Kabupaten Bengkulu Tengah,Bengkulu,2021,111.5
125,1771,Kota Bengkulu,Bengkulu,2021,91.7
126,1804,Kabupaten Lampung Barat,Lampung,2021,104.7
127,1806,Kabupaten Tanggamus,Lampung,2021,98.4
128,1801,Kabupaten Lampung Selatan,Lampung,2021,103.2
129,1807,Kabupaten Lampung Timur,Lampung,2021,99.2
130,1802,Kabupaten Lampung Tengah,Lampung,2021,106.3
131,1803,Kabupaten Lampung Utara,Lampung,2021,91.9
132,1808,Kabupaten Way Kanan,Lampung,2021,103.5
133,1805,Kabupaten Tulang Bawang,Lampung,2021,90.1
134,1809,Kabupaten Pesawaran,Lampung,2021,104.3
135,1810,Kabupaten Pringsewu,Lampung,2021,102.4
136,1811,Kabupaten Mesuji,Lampung,2021,96.4
137,1812,Kabupaten Tulang Bawang Barat,Lampung,2021,86.2
138,1813,Kabupaten Pesisir Barat,Lampung,2021,96.5
139,1871,Kota Bandar Lampung,Lampung,2021,98.3
140,1872,Kota Metro,Lampung,2021,98.8
141,1901,Kabupaten Bangka,Kep. Bangka Belitung,2021,99.8
142,1902,Kabupaten Belitung,Kep. Bangka Belitung,2021,101.6
143,1905,Kabupaten Bangka Barat,Kep. Bangka Belitung,2021,106
144,1904,Kabupaten Bangka Tengah,Kep. Bangka Belitung,2021,100.3
145,1903,Kabupaten Bangka Selatan,Kep. Bangka Belitung,2021,100
146,1906,Kabupaten Belitung Timur,Kep. Bangka Belitung,2021,102
147,1971,Kota Pangkal Pinang,Kep. Bangka Belitung,2021,95.2
148,2102,Kabupaten Karimun,Kep. Riau,2021,96.5
149,2101,Kabupaten Bintan,Kep. Riau,2021,96.5
150,2103,Kabupaten Natuna,Kep. Riau,2021,96.7
151,2104,Kabupaten Lingga,Kep. Riau,2021,102.8
152,2105,Kabupaten Kepulauan Anambas,Kep. Riau,2021,89.9
153,2171,Kota Batam,Kep. Riau,2021,105.3
154,2172,Kota Tanjung Pinang,Kep. Riau,2021,97
155,3101,Kabupaten Kepulauan Seribu,DKI Jakarta,2021,96.9
156,3174,Kota Jakarta Selatan,DKI Jakarta,2021,103.2
157,3175,Kota Jakarta Timur,DKI Jakarta,2021,104.8
158,3171,Kota Jakarta Pusat,DKI Jakarta,2021,107.3
159,3173,Kota Jakarta Barat,DKI Jakarta,2021,106
160,3172,Kota Jakarta Utara,DKI Jakarta,2021,110.1
161,3201,Kabupaten Bogor,Jawa Barat,2021,101.3
162,3202,Kabupaten Sukabumi,Jawa Barat,2021,113.2
163,3203,Kabupaten Cianjur,Jawa Barat,2021,110
164,3204,Kabupaten Bandung,Jawa Barat,2021,103.1
165,3205,Kabupaten Garut,Jawa Barat,2021,95
166,3206,Kabupaten Tasikmalaya,Jawa Barat,2021,100.8
167,3207,Kabupaten Ciamis,Jawa Barat,2021,109.9
168,3208,Kabupaten Kuningan,Jawa Barat,2021,116
169,3209,Kabupaten Cirebon,Jawa Barat,2021,114.7
170,3210,Kabupaten Majalengka,Jawa Barat,2021,112.8
171,3211,Kabupaten Sumedang,Jawa Barat,2021,110.1
172,3212,Kabupaten Indramayu,Jawa Barat,2021,121
173,3213,Kabupaten Subang,Jawa Barat,2021,108.1
174,3214,Kabupaten Purwakarta,Jawa Barat,2021,110.7
175,3215,Kabupaten Karawang,Jawa Barat,2021,106.1
176,3216,Kabupaten Bekasi,Jawa Barat,2021,104
177,3217,Kabupaten Bandung Barat,Jawa Barat,2021,98.4
178,3218,Kabupaten Pangandaran,Jawa Barat,2021,112.7
179,3271,Kota Bogor,Jawa Barat,2021,99.5
180,3272,Kota Sukabumi,Jawa Barat,2021,101.6
181,3273,Kota Bandung,Jawa Barat,2021,102.9
182,3274,Kota Cirebon,Jawa Barat,2021,97.8
183,3275,Kota Bekasi,Jawa Barat,2021,103.8
184,3276,Kota Depok,Jawa Barat,2021,99.8
185,3277,Kota Cimahi,Jawa Barat,2021,94.3
186,3278,Kota Tasikmalaya,Jawa Barat,2021,111.7
187,3279,Kota Banjar,Jawa Barat,2021,115
188,3301,Kabupaten Cilacap,Jawa Tengah,2021,91
189,3302,Kabupaten Banyumas,Jawa Tengah,2021,105.2
190,3303,Kabupaten  Purbalingga,Jawa Tengah,2021,89.1
191,3304,Kabupaten Banjarnegara,Jawa Tengah,2021,100
192,3305,Kabupaten Kebumen,Jawa Tengah,2021,97.9
193,3306,Kabupaten Purworejo,Jawa Tengah,2021,94.9
194,3307,Kabupaten Wonosobo,Jawa Tengah,2021,93.7
195,3308,Kabupaten Magelang,Jawa Tengah,2021,93.2
196,3309,Kabupaten Boyolali,Jawa Tengah,2021,91.4
197,3310,Kabupaten Klaten,Jawa Tengah,2021,93.6
198,3311,Kabupaten Sukoharjo,Jawa Tengah,2021,93.2
199,3312,Kabupaten Wonogiri,Jawa Tengah,2021,93.4
200,3313,Kabupaten Karanganyar,Jawa Tengah,2021,90.7
201,3314,Kabupaten Sragen,Jawa Tengah,2021,100.1
202,3315,Kabupaten Grobogan,Jawa Tengah,2021,100.3
203,3316,Kabupaten Blora,Jawa Tengah,2021,102.5
204,3317,Kabupaten Rembang,Jawa Tengah,2021,100.2
205,3318,Kabupaten Pati,Jawa Tengah,2021,97.6
206,3319,Kabupaten Kudus,Jawa Tengah,2021,92.5
207,3320,Kabupaten Jepara,Jawa Tengah,2021,91.4
208,3321,Kabupaten Demak,Jawa Tengah,2021,104.8
209,3322,Kabupaten Semarang,Jawa Tengah,2021,95.2
210,3323,Kabupaten Temanggung,Jawa Tengah,2021,88.1
211,3324,Kabupaten Kendal,Jawa Tengah,2021,101.3
212,3325,Kabupaten Batang ,Jawa Tengah,2021,105
213,3326,Kabupaten Pekalongan,Jawa Tengah,2021,103.4
214,3327,Kabupaten Pemalang,Jawa Tengah,2021,113.9
215,3328,Kabupaten Tegal,Jawa Tengah,2021,106.3
216,3329,Kabupaten Brebes,Jawa Tengah,2021,101.3
217,3371,Kota Magelang,Jawa Tengah,2021,93.2
218,3372,Kota Surakarta,Jawa Tengah,2021,94.7
219,3373,Kota Salatiga,Jawa Tengah,2021,98
220,3374,Kota Semarang,Jawa Tengah,2021,95.6
221,3375,Kota Pekalongan,Jawa Tengah,2021,96.2
222,3376,Kota Tegal,Jawa Tengah,2021,104.6
223,3401,Kabupaten Kulon Progo,DI Yogyakarta,2021,94.7
224,3402,Kabupaten Bantul,DI Yogyakarta,2021,99.6
225,3403,Kabupaten Gunung Kidul,DI Yogyakarta,2021,104
226,3404,Kabupaten Sleman,DI Yogyakarta,2021,109.1
227,3471,Kota Yogyakarta,DI Yogyakarta,2021,92.1
228,3501,Kabupaten Pacitan,Jawa Timur,2021,97.4
229,3502,Kabupaten Ponorogo,Jawa Timur,2021,96.6
230,3503,Kabupaten Trenggalek,Jawa Timur,2021,98.1
231,3504,Kabupaten Tulungagung,Jawa Timur,2021,96.7
232,3505,Kabupaten Blitar,Jawa Timur,2021,98.2
233,3506,Kabupaten Kediri,Jawa Timur,2021,101.5
234,3507,Kabupaten Malang,Jawa Timur,2021,95.6
235,3508,Kabupaten Lumajang,Jawa Timur,2021,110.1
236,3509,Kabupaten Jember,Jawa Timur,2021,107
237,3510,Kabupaten Banyuwangi,Jawa Timur,2021,102.3
238,3511,Kabupaten Bondowoso,Jawa Timur,2021,101.7
239,3512,Kabupaten Situbondo,Jawa Timur,2021,103.9
240,3513,Kabupaten Probolinggo,Jawa Timur,2021,98.5
241,3514,Kabupaten Pasuruan,Jawa Timur,2021,105.7
242,3515,Kabupaten Sidoarjo,Jawa Timur,2021,95.8
243,3516,Kabupaten Mojokerto,Jawa Timur,2021,102.9
244,3517,Kabupaten Jombang,Jawa Timur,2021,104.2
245,3518,Kabupaten Nganjuk,Jawa Timur,2021,102.3
246,3519,Kabupaten Madiun,Jawa Timur,2021,100.8
247,3520,Kabupaten Magetan,Jawa Timur,2021,98.7
248,3521,Kabupaten Ngawi,Jawa Timur,2021,104.6
249,3522,Kabupaten Bojonegoro,Jawa Timur,2021,101.5
250,3523,Kabupaten Tuban,Jawa Timur,2021,101.9
251,3524,Kabupaten Lamongan,Jawa Timur,2021,104.1
252,3525,Kabupaten Gresik,Jawa Timur,2021,100
253,3526,Kabupaten Bangkalan,Jawa Timur,2021,91.8
254,3527,Kabupaten Sampang,Jawa Timur,2021,95.8
255,3528,Kabupaten Pamekasan,Jawa Timur,2021,88.2
256,3529,Kabupaten Sumenep,Jawa Timur,2021,122.2
257,3571,Kota Kediri,Jawa Timur,2021,100.7
258,3572,Kota Blitar,Jawa Timur,2021,101
259,3573,Kota Malang,Jawa Timur,2021,90.5
260,3574,Kota Probolinggo,Jawa Timur,2021,95.2
261,3575,Kota Pasuruan,Jawa Timur,2021,95.9
262,3576,Kota Mojokerto,Jawa Timur,2021,93
263,3577,Kota Madiun,Jawa Timur,2021,97.6
264,3578,Kota Surabaya,Jawa Timur,2021,99.4
265,3579,Kota Batu,Jawa Timur,2021,92.1
266,3601,Kabupaten Pandeglang,Banten,2021,105.5
267,3602,Kabupaten Lebak,Banten,2021,121.4
268,3603,Kabupaten Tangerang,Banten,2021,109.1
269,3604,Kabupaten Serang,Banten,2021,102.9
270,3671,Kota Tangerang,Banten,2021,108
271,3672,Kota Cilegon,Banten,2021,106.2
272,3673,Kota Serang,Banten,2021,109
273,3674,Kota Tangerang Selatan,Banten,2021,101
274,5101,Kabupaten Jembrana,Bali,2021,111.9
275,5102,Kabupaten Tabanan,Bali,2021,106
276,5103,Kabupaten Badung,Bali,2021,99.3
277,5104,Kabupaten Gianyar,Bali,2021,110.6
278,5105,Kabupaten Klungkung,Bali,2021,107.1
279,5106,Kabupaten Bangli,Bali,2021,107.6
280,5107,Kabupaten Karangasem,Bali,2021,105.5
281,5108,Kabupaten Buleleng,Bali,2021,106
282,5171,Kota Denpasar,Bali,2021,100
283,5201,Kabupaten Lombok Barat,Nusa Tenggara Barat,2021,117.5
284,5202,Kabupaten Lombok Tengah,Nusa Tenggara Barat,2021,122.2
285,5203,Kabupaten Lombok Timur,Nusa Tenggara Barat,2021,141.3
286,5204,Kabupaten Sumbawa,Nusa Tenggara Barat,2021,109.7
287,5205,Kabupaten Dompu,Nusa Tenggara Barat,2021,104.3
288,5206,Kabupaten Bima,Nusa Tenggara Barat,2021,104.1
289,5207,Kabupaten Sumbawa Barat,Nusa Tenggara Barat,2021,117.6
290,5208,Kabupaten Lombok Utara,Nusa Tenggara Barat,2021,118
291,5271,Kota Mataram,Nusa Tenggara Barat,2021,119.4
292,5272,Kota Bima,Nusa Tenggara Barat,2021,104.3
293,5312,Kabupaten Sumba Barat,Nusa Tenggara Timur,2021,91.1
294,5311,Kabupaten Sumba Timur,Nusa Tenggara Timur,2021,98
295,5301,Kabupaten Kupang,Nusa Tenggara Timur,2021,92.3
296,5302,Kabupaten Timor Tengah Selatan,Nusa Tenggara Timur,2021,89.7
297,5303,Kabupaten Timor Tengah Utara,Nusa Tenggara Timur,2021,96.8
298,5304,Kabupaten Belu,Nusa Tenggara Timur,2021,98.2
299,5305,Kabupaten Alor,Nusa Tenggara Timur,2021,88.8
300,5313,Kabupaten Lembata,Nusa Tenggara Timur,2021,89.1
301,5306,Kabupaten Flores Timur,Nusa Tenggara Timur,2021,91
302,5307,Kabupaten Sikka,Nusa Tenggara Timur,2021,87.9
303,5308,Kabupaten Ende,Nusa Tenggara Timur,2021,103.6
304,5309,Kabupaten Ngada,Nusa Tenggara Timur,2021,105.1
305,5310,Kabupaten Manggarai,Nusa Tenggara Timur,2021,107.4
306,5314,Kabupaten Rote Ndao,Nusa Tenggara Timur,2021,89.3
307,5315,Kabupaten Manggarai Barat,Nusa Tenggara Timur,2021,102.1
308,5317,Kabupaten Sumba Tengah,Nusa Tenggara Timur,2021,87.7
309,5318,Kabupaten Sumba Barat Daya,Nusa Tenggara Timur,2021,97.2
310,5316,Kabupaten Nagekeo,Nusa Tenggara Timur,2021,94.5
311,5319,Kabupaten Manggarai Timur,Nusa Tenggara Timur,2021,106.4
312,5320,Kabupaten Sabu Raijua,Nusa Tenggara Timur,2021,103.4
313,5321,Kabupaten Malaka,Nusa Tenggara Timur,2021,88
314,5371,Kota Kupang,Nusa Tenggara Timur,2021,99.6
315,6101,Kabupaten Sambas,Kalimantan Barat,2021,98.3
316,6107,Kabupaten Bengkayang,Kalimantan Barat,2021,93.4
317,6108,Kabupaten Landak,Kalimantan Barat,2021,97.1
318,6102,Kabupaten Mempawah,Kalimantan Barat,2021,87.5
319,6103,Kabupaten Sanggau,Kalimantan Barat,2021,91.6
320,6104,Kabupaten Ketapang,Kalimantan Barat,2021,91.8
321,6105,Kabupaten Sintang,Kalimantan Barat,2021,87.4
322,6106,Kabupaten Kapuas Hulu,Kalimantan Barat,2021,89.8
323,6109,Kabupaten Sekadau,Kalimantan Barat,2021,93
324,6110,Kabupaten Melawi,Kalimantan Barat,2021,95
325,6111,Kabupaten Kayong Utara,Kalimantan Barat,2021,98.5
326,6112,Kabupaten Kubu Raya,Kalimantan Barat,2021,89.1
327,6171,Kota Pontianak,Kalimantan Barat,2021,90.8
328,6172,Kota Singkawang,Kalimantan Barat,2021,98.7
329,6201,Kabupaten Kotawaringin Barat,Kalimantan Tengah,2021,112.2
330,6202,Kabupaten Kotawaringin Timur,Kalimantan Tengah,2021,105.6
331,6203,Kabupaten Kapuas,Kalimantan Tengah,2021,115.2
332,6204,Kabupaten Barito Selatan,Kalimantan Tengah,2021,110.4
333,6205,Kabupaten Barito Utara,Kalimantan Tengah,2021,99.9
334,6208,Kabupaten Sukamara,Kalimantan Tengah,2021,107
335,6209,Kabupaten Lamandau,Kalimantan Tengah,2021,111.4
336,6207,Kabupaten Seruyan,Kalimantan Tengah,2021,106.1
337,6206,Kabupaten Katingan,Kalimantan Tengah,2021,102.2
338,6211,Kabupaten Pulang Pisau,Kalimantan Tengah,2021,109.6
339,6210,Kabupaten Gunung Mas,Kalimantan Tengah,2021,99.5
340,6213,Kabupaten Barito Timur,Kalimantan Tengah,2021,106.9
341,6212,Kabupaten Murung Raya,Kalimantan Tengah,2021,92.4
342,6271,Kota Palangka Raya,Kalimantan Tengah,2021,96.8
343,6301,Kabupaten Tanah Laut,Kalimantan Selatan,2021,106.6
344,6302,Kabupaten Kota Baru,Kalimantan Selatan,2021,102.9
345,6303,Kabupaten Banjar,Kalimantan Selatan,2021,118.2
346,6304,Kabupaten Barito Kuala,Kalimantan Selatan,2021,116.3
347,6305,Kabupaten Tapin,Kalimantan Selatan,2021,116.1
348,6306,Hulu Sungai Selatan,Kalimantan Selatan,2021,113
349,6307,Hulu Sungai Tengah,Kalimantan Selatan,2021,109.7
350,6308,Hulu Sungai Utara,Kalimantan Selatan,2021,105.4
351,6309,Kabupaten Tabalong,Kalimantan Selatan,2021,108.5
352,6310,Kabupaten Tanah Bumbu,Kalimantan Selatan,2021,106.1
353,6311,Kabupaten Balangan,Kalimantan Selatan,2021,116.7
354,6371,Kota Banjarmasin,Kalimantan Selatan,2021,104.8
355,6372,Kota Banjar Baru,Kalimantan Selatan,2021,102.7
356,6401,Kabupaten Paser,Kalimantan Timur,2021,100.6
357,6407,Kabupaten Kutai Barat,Kalimantan Timur,2021,94.7
358,6402,Kabupaten Kutai Kertanegara,Kalimantan Timur,2021,92
359,6408,Kabupaten Kutai Timur,Kalimantan Timur,2021,101.5
360,6403,Kabupaten Berau,Kalimantan Timur,2021,99.8
361,6409,Kabupaten Penajam Paser Utara,Kalimantan Timur,2021,101.7
362,6411,Kabupaten Mahakam Ulu,Kalimantan Timur,2021,96.6
363,6471,Kota Balikpapan,Kalimantan Timur,2021,94.8
364,6472,Kota Samarinda,Kalimantan Timur,2021,86.8
365,6474,Kota Bontang,Kalimantan Timur,2021,99.9
366,6502,Kabupaten Malinau,Kalimantan Utara,2021,87.7
367,6501,Kabupaten Bulungan,Kalimantan Utara,2021,98.1
368,6504,Kabupaten Tana Tidung,Kalimantan Utara,2021,94.2
369,6503,Kabupaten Nunukan,Kalimantan Utara,2021,97.9
370,6571,Kota Tarakan,Kalimantan Utara,2021,97.4
371,7101,Kabupaten Bolaang Mongondow,Sulawesi Utara,2021,101.5
372,7102,Kabupaten Minahasa,Sulawesi Utara,2021,101.2
373,7103,Kabupaten Kepulauan Sangihe,Sulawesi Utara,2021,94.6
374,7104,Kabupaten Kepulauan Talaud,Sulawesi Utara,2021,91.6
375,7105,Kabupaten Minahasa Selatan,Sulawesi Utara,2021,111.4
376,7106,Kabupaten Minahasa Utara,Sulawesi Utara,2021,105.3
377,7108,Kabupaten Bolaang Mongondow Utara,Sulawesi Utara,2021,99.3
378,7109,Kabupaten Kep. Siau Tagulandang Biaro,Sulawesi Utara,2021,85.1
379,7107,Kabupaten Minahasa Tenggara,Sulawesi Utara,2021,107.1
380,7111,Kabupaten Bolaang Mongondow Selatan,Sulawesi Utara,2021,97.9
381,7110,Kabupaten Bolaang Mongondow Timur,Sulawesi Utara,2021,102.3
382,7171,Kota Manado,Sulawesi Utara,2021,93.6
383,7172,Kota Bitung,Sulawesi Utara,2021,104.3
384,7173,Kota Tomohon,Sulawesi Utara,2021,105.6
385,7174,Kota Kotamobago,Sulawesi Utara,2021,98.4
386,7207,Kabupaten Banggai Kepulauan,Sulawesi Tengah,2021,93.3
387,7201,Kabupaten Banggai,Sulawesi Tengah,2021,91.2
388,7206,Kabupaten Morowali,Sulawesi Tengah,2021,102.5
389,7202,Kabupaten Poso,Sulawesi Tengah,2021,105
390,7203,Kabupaten Donggala,Sulawesi Tengah,2021,98.1
391,7204,Kabupaten Toli-Toli,Sulawesi Tengah,2021,84.8
392,7205,Kabupaten Buol,Sulawesi Tengah,2021,87.3
393,7208,Kabupaten Parigi Moutong,Sulawesi Tengah,2021,93.2
394,7209,Kabupaten Tojo Una-Una,Sulawesi Tengah,2021,88.1
395,7210,Kabupaten Sigi,Sulawesi Tengah,2021,100
396,7211,Kabupaten Banggai Laut,Sulawesi Tengah,2021,99.1
397,7212,Kabupaten Morowali Utara,Sulawesi Tengah,2021,113.4
398,7271,Kota Palu,Sulawesi Tengah,2021,97.2
399,7301,Kabupaten Selayar,Sulawesi Selatan,2021,104.1
400,7302,Kabupaten Bulukumba,Sulawesi Selatan,2021,103.9
401,7303,Kabupaten Bantaeng,Sulawesi Selatan,2021,100.9
402,7304,Kabupaten Jeneponto,Sulawesi Selatan,2021,108.6
403,7305,Kabupaten Takalar,Sulawesi Selatan,2021,106.6
404,7306,Kabupaten Gowa,Sulawesi Selatan,2021,100.5
405,7307,Kabupaten Sinjai,Sulawesi Selatan,2021,112.8
406,7309,Kabupaten Maros,Sulawesi Selatan,2021,96.3
407,7310,Kabupaten Pangkajene dan Kepulauan,Sulawesi Selatan,2021,110.1
408,7311,Kabupaten Barru,Sulawesi Selatan,2021,101.9
409,7308,Kabupaten Bone,Sulawesi Selatan,2021,99.9
410,7312,Kabupaten Soppeng,Sulawesi Selatan,2021,95.7
411,7313,Kabupaten Wajo,Sulawesi Selatan,2021,104.1
412,7314,Kabupaten Sidenreng Rappang,Sulawesi Selatan,2021,111.6
413,7315,Kabupaten Pinrang,Sulawesi Selatan,2021,92.1
414,7316,Kabupaten Enrekang,Sulawesi Selatan,2021,98.6
415,7317,Kabupaten Luwu,Sulawesi Selatan,2021,100.6
416,7318,Kabupaten Tana Toraja,Sulawesi Selatan,2021,95.8
417,7322,Kabupaten Luwu Utara,Sulawesi Selatan,2021,101.3
418,7324,Kabupaten Luwu Timur,Sulawesi Selatan,2021,103.3
419,7326,Kabupaten Toraja Utara,Sulawesi Selatan,2021,101.7
420,7371,Kota Makasar,Sulawesi Selatan,2021,102.2
421,7372,Kota Pare-Pare,Sulawesi Selatan,2021,106.3
422,7373,Kota Palopo,Sulawesi Selatan,2021,94.6
423,7404,Kabupaten Buton,Sulawesi Tenggara,2021,94
424,7403,Kabupaten Muna,Sulawesi Tenggara,2021,95
425,7402,Kabupaten Konawe,Sulawesi Tenggara,2021,91.9
426,7401,Kabupaten Kolaka,Sulawesi Tenggara,2021,106.8
427,7405,Kabupaten Konawe Selatan,Sulawesi Tenggara,2021,101.2
428,7406,Kabupaten Bombana,Sulawesi Tenggara,2021,95.1
429,7407,Kabupaten Wakatobi,Sulawesi Tenggara,2021,95.6
430,7408,Kabupaten Kolaka Utara,Sulawesi Tenggara,2021,108.6
431,7410,Kabupaten Buton Utara,Sulawesi Tenggara,2021,100.9
432,7409,Kabupaten Konawe Utara,Sulawesi Tenggara,2021,100.9
433,7411,Kabupaten Kolaka Timur,Sulawesi Tenggara,2021,98.2
434,7412,Kabupaten Konawe Kepulauan,Sulawesi Tenggara,2021,84.3
435,7413,Kabupaten Muna Barat,Sulawesi Tenggara,2021,97.8
436,7414,Kabupaten Buton Tengah,Sulawesi Tenggara,2021,92.1
437,7415,Kabupaten Buton Selatan,Sulawesi Tenggara,2021,93.5
438,7471,Kota Kendari,Sulawesi Tenggara,2021,96.9
439,7472,Kota Bau-Bau,Sulawesi Tenggara,2021,87.5
440,7502,Kabupaten Boalemo,Gorontalo,2021,99.2
441,7501,Kabupaten Gorontalo,Gorontalo,2021,99.4
442,7504,Kabupaten Pohuwato,Gorontalo,2021,95.9
443,7503,Kabupaten Bone Bolango,Gorontalo,2021,89.3
444,7505,Kabupaten Gorontalo Utara,Gorontalo,2021,100
445,7571,Kota Gorontalo,Gorontalo,2021,88.8
446,7605,Kabupaten Majene,Sulawesi Barat,2021,103
447,7604,Kabupaten Polewali Mandar,Sulawesi Barat,2021,103.3
448,7603,Kabupaten Mamasa,Sulawesi Barat,2021,102.4
449,7602,Kabupaten Mamuju,Sulawesi Barat,2021,88
450,7601,Kabupaten Mamuju Utara,Sulawesi Barat,2021,103.2
451,7606,Kabupaten Mamuju Tengah,Sulawesi Barat,2021,104.1
452,8103,Kabupaten Kepulauan Tanimbar,Maluku,2021,79.9
453,8102,Kabupaten Maluku Tenggara,Maluku,2021,83.2
454,8101,Kabupaten Maluku Tengah,Maluku,2021,92.2
455,8104,Kabupaten Buru,Maluku,2021,89.3
456,8107,Kabupaten Kepulauan Aru,Maluku,2021,81.7
457,8106,Kabupaten Seram Bagian Barat,Maluku,2021,86.2
458,8105,Kabupaten Seram Bagian Timur,Maluku,2021,85.4
459,8108,Kabupaten Maluku Barat Daya,Maluku,2021,83.1
460,8109,Kabupaten Buru Selatan,Maluku,2021,86.7
461,8171,Kota Ambon,Maluku,2021,97.1
462,8172,Kota Tual,Maluku,2021,78.3
463,8201,Kabupaten Halmahera Barat,Maluku Utara,2021,87
464,8202,Kabupaten Halmahera Tengah,Maluku Utara,2021,81
465,8205,Kabupaten Kepulauan Sula,Maluku Utara,2021,83.4
466,8204,Kabupaten Halmahera Selatan,Maluku Utara,2021,85.2
467,8203,Kabupaten Halmahera Utara,Maluku Utara,2021,91.2
468,8206,Kabupaten Halmahera Timur,Maluku Utara,2021,88.3
469,8207,Kabupaten Pulau Morotai,Maluku Utara,2021,90.1
470,8208,Kabupaten Pulau Taliabu,Maluku Utara,2021,83.1
471,8271,Kota Ternate,Maluku Utara,2021,94.4
472,8272,Kota Tidore Kepulauan,Maluku Utara,2021,92.1
473,9203,Kabupaten Fak-Fak,Papua Barat,2021,93.9
474,9208,Kabupaten Kaimana,Papua Barat,2021,82.9
475,9207,Kabupaten Teluk Wondama,Papua Barat,2021,88.9
476,9206,Kabupaten Teluk Bintuni,Papua Barat,2021,86.8
477,9202,Kabupaten Manokwari,Papua Barat,2021,92
478,9204,Kabupaten Sorong Selatan,Papua Barat,2021,85
479,9201,Kabupaten Sorong,Papua Barat,2021,95.4
480,9205,Kabupaten Raja Ampat,Papua Barat,2021,92
481,9209,Kabupaten Tambrauw,Papua Barat,2021,83.8
482,9210,Kabupaten Maybrat,Papua Barat,2021,88
483,9211,Kabupaten Manokwari Selatan,Papua Barat,2021,87.5
484,9212,Kabupaten Pegunungan Arfak,Papua Barat,2021,86.9
485,9271,Kota Sorong,Papua Barat,2021,93.9
486,9101,Kabupaten Merauke,Papua,2021,94.5
487,9102,Kabupaten Jayawijaya,Papua,2021,84.5
488,9103,Kabupaten Jayapura,Papua,2021,89.6
489,9104,Kabupaten Nabire,Papua,2021,102.6
490,9105,Kabupaten Kepulauan Yapen,Papua,2021,92.6
491,9106,Kabupaten Biak Namfor,Papua,2021,87.3
492,9108,Kabupaten Paniai,Papua,2021,77.7
493,9107,Kabupaten Puncak Jaya,Papua,2021,72.7
494,9109,Kabupaten Mimika,Papua,2021,94
495,9116,Kabupaten Boven Digoel,Papua,2021,84.6
496,9117,Kabupaten Mappi,Papua,2021,74.3
497,9118,Kabupaten Asmat,Papua,2021,94
498,9113,Kabupaten Yahukimo,Papua,2021,78.3
499,9112,Kabupaten Pegunungan Bintang,Papua,2021,82.8
500,9114,Kabupaten Tolikara,Papua,2021,87.9
501,9110,Kabupaten Sarmi,Papua,2021,91.6
502,9111,Kabupaten Keerom,Papua,2021,87.5
503,9115,Kabupaten Waropen,Papua,2021,101.2
504,9119,Kabupaten Supiori,Papua,2021,110.2
505,9120,Kabupaten Mamberamo Raya,Papua,2021,93.6
506,9124,Kabupaten Nduga,Papua,2021,113.3
507,9123,Kabupaten Lanny Jaya,Papua,2021,125
508,9121,Kabupaten Mamberamo Tengah,Papua,2021,96.1
509,9122,Kabupaten Yalimo,Papua,2021,97.3
510,9125,Kabupaten Puncak,Papua,2021,81.8
511,9126,Kabupaten Dogiyai,Papua,2021,59.6
512,9127,Kabupaten Intan Jaya,Papua,2021,75.1
513,9128,Kabupaten Deiyai,Papua,2021,76.7
514,9171,Kota Jayapura,Papua,2021,88.5
515,1109,Kabupaten Simeulue,Aceh,2022,101.5
516,1110,Kabupaten Aceh Singkil,Aceh,2022,96.6
517,1101,Kabupaten Aceh Selatan,Aceh,2022,96.7
518,1102,Kabupaten Aceh Tenggara,Aceh,2022,98
519,1103,Kabupaten Aceh Timur,Aceh,2022,101
520,1104,Kabupaten Aceh Tengah,Aceh,2022,100.8
521,1105,Kabupaten Aceh Barat,Aceh,2022,105.5
522,1106,Kabupaten Aceh Besar,Aceh,2022,87
523,1107,Kabupaten Pidie,Aceh,2022,105.2
524,1111,Kabupaten Bireuen,Aceh,2022,101.8
525,1108,Kabupaten Aceh Utara,Aceh,2022,92.1
526,1112,Kabupaten Aceh Barat Daya,Aceh,2022,94.6
527,1113,Kabupaten Gayo Lues,Aceh,2022,117.1
528,1116,Kabupaten Aceh Tamiang,Aceh,2022,92.3
529,1115,Kabupaten Nagan Raya,Aceh,2022,119.3
530,1114,Kabupaten Aceh Jaya,Aceh,2022,104.3
531,1117,Kabupaten Bener Meriah,Aceh,2022,115.5
532,1118,Kabupaten Pidie Jaya,Aceh,2022,112.2
533,1171,Kota Banda Aceh,Aceh,2022,89.8
534,1172,Kota Sabang,Aceh,2022,100.2
535,1174,Kota Langsa,Aceh,2022,88.3
536,1173,Kota Lhokseumawe,Aceh,2022,81.5
537,1175,Kota Subulussalam,Aceh,2022,102.9
538,1204,Kabupaten Nias,Sumatera Utara,2022,100.7
539,1213,Kabupaten Mandailing Natal,Sumatera Utara,2022,107.2
540,1203,Kabupaten Tapanuli Selatan,Sumatera Utara,2022,105.9
541,1201,Kabupaten Tapanuli Tengah,Sumatera Utara,2022,93.6
542,1202,Kabupaten Tapanuli Utara,Sumatera Utara,2022,106.8
543,1212,Kabupaten Toba Samosir,Sumatera Utara,2022,108.2
544,1210,Kabupaten Labuhan Batu,Sumatera Utara,2022,95.4
545,1209,Kabupaten Asahan,Sumatera Utara,2022,97.7
546,1208,Kabupaten Simalungun,Sumatera Utara,2022,97.6
547,1211,Kabupaten Dairi,Sumatera Utara,2022,99.3
548,1206,Kabupaten Karo,Sumatera Utara,2022,108.9
549,1207,Kabupaten Deli Serdang,Sumatera Utara,2022,105
550,1205,Kabupaten Langkat,Sumatera Utara,2022,99.6
551,1214,Kabupaten Nias Selatan,Sumatera Utara,2022,104
552,1216,Kabupaten Humbang Hasundutan,Sumatera Utara,2022,105.3
553,1215,Kabupaten Pakpak Bharat,Sumatera Utara,2022,108
554,1217,Kabupaten Samosir,Sumatera Utara,2022,102.6
555,1218,Kabupaten Serdang Bedagai,Sumatera Utara,2022,107.6
556,1219,Kabupaten Batu Bara,Sumatera Utara,2022,90.7
557,1220,Kabupaten Padang Lawas Utara,Sumatera Utara,2022,95.7
558,1221,Kabupaten Padang Lawas,Sumatera Utara,2022,92.8
559,1222,Kabupaten Labuhan Batu Selatan,Sumatera Utara,2022,94.4
560,1223,Kabupaten Labuhan Batu Utara,Sumatera Utara,2022,9.6
561,1224,Kabupaten Nias Utara,Sumatera Utara,2022,107.1
562,1225,Kabupaten Nias Barat,Sumatera Utara,2022,97.3
563,1273,Kota Sibolga,Sumatera Utara,2022,87.7
564,1274,Kota Tanjung Balai,Sumatera Utara,2022,101.6
565,1272,Kota Pematang Siantar,Sumatera Utara,2022,9.1
566,1276,Kota Tebing Tinggi,Sumatera Utara,2022,96
567,1271,Kota Medan,Sumatera Utara,2022,100.4
568,1275,Kota Binjai,Sumatera Utara,2022,93.2
569,1277,Kota Padang Sidimpuan,Sumatera Utara,2022,98.6
570,1278,Kota Gunungsitoli,Sumatera Utara,2022,90.8
571,1309,Kabupaten Kepulauan Mentawai,Sumatera Barat,2022,100.9
572,1301,Kabupaten Pesisir Selatan,Sumatera Barat,2022,97
573,1302,Kabupaten Solok,Sumatera Barat,2022,109.1
574,1303,Kabupaten Sijunjung,Sumatera Barat,2022,98.3
575,1304,Kabupaten Tanah Datar,Sumatera Barat,2022,99.5
576,1305,Kabupaten Padang Pariaman,Sumatera Barat,2022,95
577,1306,Kabupaten Agam,Sumatera Barat,2022,100.3
578,1307,Kabupaten Limapuluh Koto,Sumatera Barat,2022,107.7
579,1308,Kabupaten Pasaman,Sumatera Barat,2022,110.3
580,1311,Kabupaten Solok Selatan,Sumatera Barat,2022,106
581,1310,Kabupaten Dharmas Raya,Sumatera Barat,2022,91.6
582,1312,Kabupaten Pasaman Barat,Sumatera Barat,2022,114.9
583,1371,Kota Padang,Sumatera Barat,2022,95.7
584,1372,Kota Solok,Sumatera Barat,2022,101.5
585,1373,Kota Sawah Lunto,Sumatera Barat,2022,92.9
586,1374,Kota Padang Panjang,Sumatera Barat,2022,91.2
587,1375,Kota Bukittinggi,Sumatera Barat,2022,87.5
588,1376,Kota Payakumbuh,Sumatera Barat,2022,93.3
589,1377,Kota Pariaman,Sumatera Barat,2022,87.8
590,1409,Kabupaten Kuantan Sengingi,Riau,2022,97.2
591,1402,Kabupaten Indragiri Hulu,Riau,2022,88.3
592,1404,Kabupaten Indragiri Hilir,Riau,2022,91.9
593,1405,Kabupaten Pelalawan,Riau,2022,102.1
594,1408,Kabupaten Siak,Riau,2022,98.3
595,1401,Kabupaten Kampar,Riau,2022,97
596,1406,Kabupaten Rokan Hulu,Riau,2022,100.9
597,1403,Kabupaten Bengkalis,Riau,2022,94.5
598,1407,Kabupaten Rokan Hilir,Riau,2022,100.1
599,1410,Kabupaten Kepulauan Meranti,Riau,2022,94.1
600,1471,Kota Pekanbaru,Riau,2022,92.4
601,1472,Kota Dumai,Riau,2022,100.9
602,1501,Kabupaten Kerinci,Jambi,2022,97.8
603,1502,Kabupaten Merangin,Jambi,2022,92.5
604,1503,Kabupaten Sarolangun,Jambi,2022,95
605,1504,Kabupaten Batang Hari,Jambi,2022,84.8
606,1505,Kabupaten Muaro Jambi,Jambi,2022,91.2
607,1507,Kabupaten Tanjung Jabung Timur,Jambi,2022,93.5
608,1506,Kabupaten Tanjung Jabung Barat,Jambi,2022,97.1
609,1509,Kabupaten Tebo,Jambi,2022,101
610,1508,Kabupaten Bungo,Jambi,2022,98.1
611,1571,Kota Jambi,Jambi,2022,98.9
612,1572,Kota Sungai Penuh,Jambi,2022,96.3
613,1601,Kabupaten Ogan Komering Ulu,Sumatera Selatan,2022,101.2
614,1602,Kabupaten Ogan Komering Ilir,Sumatera Selatan,2022,111.1
615,1603,Kabupaten Muara Enim,Sumatera Selatan,2022,100.6
616,1604,Kabupaten Lahat,Sumatera Selatan,2022,110.7
617,1605,Kabupaten Musi Rawas,Sumatera Selatan,2022,98.9
618,1606,Kabupaten Musi Banyuasin,Sumatera Selatan,2022,98.7
619,1607,Kabupaten Banyuasin,Sumatera Selatan,2022,114.7
620,1609,Kabupaten Ogan Komering Ulu Selatan,Sumatera Selatan,2022,93.1
621,1608,Kabupaten Ogan Komering Ulu Timur,Sumatera Selatan,2022,103
622,1610,Kabupaten Ogan Ilir,Sumatera Selatan,2022,99.6
623,1611,Kabupaten Empat Lawang,Sumatera Selatan,2022,106.3
624,1612,Kabupaten Penukal Abab Lematang Ilir,Sumatera Selatan,2022,109.1
625,1613,Kabupaten Musi Rawas Utara,Sumatera Selatan,2022,106
626,1671,Kota Palembang,Sumatera Selatan,2022,103.2
627,1674,Kota Prabumulih,Sumatera Selatan,2022,86.8
628,1672,Kota Pagar Alam,Sumatera Selatan,2022,103.5
629,1673,Kota Lubuklinggau,Sumatera Selatan,2022,102.1
630,1701,Kabupaten Bengkulu Selatan,Bengkulu,2022,110.8
631,1702,Kabupaten Rejang Lebong,Bengkulu,2022,94.1
632,1703,Kabupaten Bengkulu Utara,Bengkulu,2022,97.3
633,1704,Kabupaten Kaur,Bengkulu,2022,110.7
634,1705,Kabupaten Seluma,Bengkulu,2022,98.4
635,1706,Kabupaten Mukomuko,Bengkulu,2022,100.2
636,1707,Kabupaten Lebong,Bengkulu,2022,108
637,1708,Kabupaten Kepahiang,Bengkulu,2022,93
638,1709,Kabupaten Bengkulu Tengah,Bengkulu,2022,97.6
639,1771,Kota Bengkulu,Bengkulu,2022,88.2
640,1804,Kabupaten Lampung Barat,Lampung,2022,99.8
641,1806,Kabupaten Tanggamus,Lampung,2022,96.8
642,1801,Kabupaten Lampung Selatan,Lampung,2022,96.4
643,1807,Kabupaten Lampung Timur,Lampung,2022,99
644,1802,Kabupaten Lampung Tengah,Lampung,2022,97.6
645,1803,Kabupaten Lampung Utara,Lampung,2022,87.5
646,1808,Kabupaten Way Kanan,Lampung,2022,101
647,1805,Kabupaten Tulang Bawang,Lampung,2022,92.9
648,1809,Kabupaten Pesawaran,Lampung,2022,98.3
649,1810,Kabupaten Pringsewu,Lampung,2022,97.6
650,1811,Kabupaten Mesuji,Lampung,2022,94.2
651,1812,Kabupaten Tulang Bawang Barat,Lampung,2022,84.3
652,1813,Kabupaten Pesisir Barat,Lampung,2022,91.2
653,1871,Kota Bandar Lampung,Lampung,2022,92.3
654,1872,Kota Metro,Lampung,2022,86.4
655,1901,Kabupaten Bangka,Kep. Bangka Belitung,2022,97.1
656,1902,Kabupaten Belitung,Kep. Bangka Belitung,2022,97.3
657,1905,Kabupaten Bangka Barat,Kep. Bangka Belitung,2022,94.2
658,1904,Kabupaten Bangka Tengah,Kep. Bangka Belitung,2022,99.7
659,1903,Kabupaten Bangka Selatan,Kep. Bangka Belitung,2022,104
660,1906,Kabupaten Belitung Timur,Kep. Bangka Belitung,2022,103.4
661,1971,Kota Pangkal Pinang,Kep. Bangka Belitung,2022,95.8
662,2102,Kabupaten Karimun,Kep. Riau,2022,86.9
663,2101,Kabupaten Bintan,Kep. Riau,2022,95.2
664,2103,Kabupaten Natuna,Kep. Riau,2022,89.1
665,2104,Kabupaten Lingga,Kep. Riau,2022,93.8
666,2105,Kabupaten Kepulauan Anambas,Kep. Riau,2022,91
667,2171,Kota Batam,Kep. Riau,2022,100.2
668,2172,Kota Tanjung Pinang,Kep. Riau,2022,82.3
669,3101,Kabupaten Kepulauan Seribu,DKI Jakarta,2022,100.1
670,3174,Kota Jakarta Selatan,DKI Jakarta,2022,100
671,3175,Kota Jakarta Timur,DKI Jakarta,2022,104.1
672,3171,Kota Jakarta Pusat,DKI Jakarta,2022,106.7
673,3173,Kota Jakarta Barat,DKI Jakarta,2022,98.7
674,3172,Kota Jakarta Utara,DKI Jakarta,2022,105
675,3201,Kabupaten Bogor,Jawa Barat,2022,102.2
676,3202,Kabupaten Sukabumi,Jawa Barat,2022,110.1
677,3203,Kabupaten Cianjur,Jawa Barat,2022,99.3
678,3204,Kabupaten Bandung,Jawa Barat,2022,91.5
679,3205,Kabupaten Garut,Jawa Barat,2022,96.8
680,3206,Kabupaten Tasikmalaya,Jawa Barat,2022,104.1
681,3207,Kabupaten Ciamis,Jawa Barat,2022,108.1
682,3208,Kabupaten Kuningan,Jawa Barat,2022,98.3
683,3209,Kabupaten Cirebon,Jawa Barat,2022,108.2
684,3210,Kabupaten Majalengka,Jawa Barat,2022,97.3
685,3211,Kabupaten Sumedang,Jawa Barat,2022,106.3
686,3212,Kabupaten Indramayu,Jawa Barat,2022,116.5
687,3213,Kabupaten Subang,Jawa Barat,2022,100.3
688,3214,Kabupaten Purwakarta,Jawa Barat,2022,101.6
689,3215,Kabupaten Karawang,Jawa Barat,2022,101.6
690,3216,Kabupaten Bekasi,Jawa Barat,2022,98.4
691,3217,Kabupaten Bandung Barat,Jawa Barat,2022,102.6
692,3218,Kabupaten Pangandaran,Jawa Barat,2022,107.6
693,3271,Kota Bogor,Jawa Barat,2022,90.7
694,3272,Kota Sukabumi,Jawa Barat,2022,95.7
695,3273,Kota Bandung,Jawa Barat,2022,92.8
696,3274,Kota Cirebon,Jawa Barat,2022,94.4
697,3275,Kota Bekasi,Jawa Barat,2022,99.6
698,3276,Kota Depok,Jawa Barat,2022,99.3
699,3277,Kota Cimahi,Jawa Barat,2022,94.9
700,3278,Kota Tasikmalaya,Jawa Barat,2022,103.9
701,3279,Kota Banjar,Jawa Barat,2022,114.9
702,3301,Kabupaten Cilacap,Jawa Tengah,2022,95.7
703,3302,Kabupaten Banyumas,Jawa Tengah,2022,106.6
704,3303,Kabupaten  Purbalingga,Jawa Tengah,2022,89.6
705,3304,Kabupaten Banjarnegara,Jawa Tengah,2022,104.9
706,3305,Kabupaten Kebumen,Jawa Tengah,2022,98.7
707,3306,Kabupaten Purworejo,Jawa Tengah,2022,94.6
708,3307,Kabupaten Wonosobo,Jawa Tengah,2022,101.8
709,3308,Kabupaten Magelang,Jawa Tengah,2022,96.7
710,3309,Kabupaten Boyolali,Jawa Tengah,2022,95.1
711,3310,Kabupaten Klaten,Jawa Tengah,2022,92.2
712,3311,Kabupaten Sukoharjo,Jawa Tengah,2022,92.7
713,3312,Kabupaten Wonogiri,Jawa Tengah,2022,96.9
714,3313,Kabupaten Karanganyar,Jawa Tengah,2022,91.5
715,3314,Kabupaten Sragen,Jawa Tengah,2022,102.9
716,3315,Kabupaten Grobogan,Jawa Tengah,2022,94.8
717,3316,Kabupaten Blora,Jawa Tengah,2022,103
718,3317,Kabupaten Rembang,Jawa Tengah,2022,104.9
719,3318,Kabupaten Pati,Jawa Tengah,2022,101.6
720,3319,Kabupaten Kudus,Jawa Tengah,2022,92.3
721,3320,Kabupaten Jepara,Jawa Tengah,2022,98.4
722,3321,Kabupaten Demak,Jawa Tengah,2022,98.1
723,3322,Kabupaten Semarang,Jawa Tengah,2022,96.7
724,3323,Kabupaten Temanggung,Jawa Tengah,2022,90.5
725,3324,Kabupaten Kendal,Jawa Tengah,2022,94.2
726,3325,Kabupaten Batang ,Jawa Tengah,2022,100.4
727,3326,Kabupaten Pekalongan,Jawa Tengah,2022,103.8
728,3327,Kabupaten Pemalang,Jawa Tengah,2022,107.7
729,3328,Kabupaten Tegal,Jawa Tengah,2022,103.6
730,3329,Kabupaten Brebes,Jawa Tengah,2022,109.6
731,3371,Kota Magelang,Jawa Tengah,2022,85.5
732,3372,Kota Surakarta,Jawa Tengah,2022,90.4
733,3373,Kota Salatiga,Jawa Tengah,2022,103.1
734,3374,Kota Semarang,Jawa Tengah,2022,94.4
735,3375,Kota Pekalongan,Jawa Tengah,2022,97
736,3376,Kota Tegal,Jawa Tengah,2022,101.7
737,3401,Kabupaten Kulon Progo,DI Yogyakarta,2022,89.7
738,3402,Kabupaten Bantul,DI Yogyakarta,2022,95.4
739,3403,Kabupaten Gunung Kidul,DI Yogyakarta,2022,92.5
740,3404,Kabupaten Sleman,DI Yogyakarta,2022,105.5
741,3471,Kota Yogyakarta,DI Yogyakarta,2022,86.2
742,3501,Kabupaten Pacitan,Jawa Timur,2022,94.1
743,3502,Kabupaten Ponorogo,Jawa Timur,2022,110.4
744,3503,Kabupaten Trenggalek,Jawa Timur,2022,109.6
745,3504,Kabupaten Tulungagung,Jawa Timur,2022,99
746,3505,Kabupaten Blitar,Jawa Timur,2022,90.7
747,3506,Kabupaten Kediri,Jawa Timur,2022,98.2
748,3507,Kabupaten Malang,Jawa Timur,2022,88.7
749,3508,Kabupaten Lumajang,Jawa Timur,2022,109.5
750,3509,Kabupaten Jember,Jawa Timur,2022,103.9
751,3510,Kabupaten Banyuwangi,Jawa Timur,2022,99.1
752,3511,Kabupaten Bondowoso,Jawa Timur,2022,91.7
753,3512,Kabupaten Situbondo,Jawa Timur,2022,100.6
754,3513,Kabupaten Probolinggo,Jawa Timur,2022,98.2
755,3514,Kabupaten Pasuruan,Jawa Timur,2022,97.7
756,3515,Kabupaten Sidoarjo,Jawa Timur,2022,90.8
757,3516,Kabupaten Mojokerto,Jawa Timur,2022,118.3
758,3517,Kabupaten Jombang,Jawa Timur,2022,116
759,3518,Kabupaten Nganjuk,Jawa Timur,2022,111
760,3519,Kabupaten Madiun,Jawa Timur,2022,96.7
761,3520,Kabupaten Magetan,Jawa Timur,2022,95
762,3521,Kabupaten Ngawi,Jawa Timur,2022,91.7
763,3522,Kabupaten Bojonegoro,Jawa Timur,2022,108.9
764,3523,Kabupaten Tuban,Jawa Timur,2022,122.1
765,3524,Kabupaten Lamongan,Jawa Timur,2022,116.3
766,3525,Kabupaten Gresik,Jawa Timur,2022,94.4
767,3526,Kabupaten Bangkalan,Jawa Timur,2022,94.1
768,3527,Kabupaten Sampang,Jawa Timur,2022,91.8
769,3528,Kabupaten Pamekasan,Jawa Timur,2022,85.2
770,3529,Kabupaten Sumenep,Jawa Timur,2022,132
771,3571,Kota Kediri,Jawa Timur,2022,95.5
772,3572,Kota Blitar,Jawa Timur,2022,90.7
773,3573,Kota Malang,Jawa Timur,2022,88.5
774,3574,Kota Probolinggo,Jawa Timur,2022,88.5
775,3575,Kota Pasuruan,Jawa Timur,2022,96.4
776,3576,Kota Mojokerto,Jawa Timur,2022,90.9
777,3577,Kota Madiun,Jawa Timur,2022,97
778,3578,Kota Surabaya,Jawa Timur,2022,94
779,3579,Kota Batu,Jawa Timur,2022,87.3
780,3601,Kabupaten Pandeglang,Banten,2022,110.8
781,3602,Kabupaten Lebak,Banten,2022,127.7
782,3603,Kabupaten Tangerang,Banten,2022,109.3
783,3604,Kabupaten Serang,Banten,2022,102.3
784,3671,Kota Tangerang,Banten,2022,108.8
785,3672,Kota Cilegon,Banten,2022,98.9
786,3673,Kota Serang,Banten,2022,103
787,3674,Kota Tangerang Selatan,Banten,2022,96.7
788,5101,Kabupaten Jembrana,Bali,2022,106.1
789,5102,Kabupaten Tabanan,Bali,2022,104.4
790,5103,Kabupaten Badung,Bali,2022,96.3
791,5104,Kabupaten Gianyar,Bali,2022,107
792,5105,Kabupaten Klungkung,Bali,2022,104.8
793,5106,Kabupaten Bangli,Bali,2022,109.8
794,5107,Kabupaten Karangasem,Bali,2022,99.1
795,5108,Kabupaten Buleleng,Bali,2022,104.2
796,5171,Kota Denpasar,Bali,2022,99.5
797,5201,Kabupaten Lombok Barat,Nusa Tenggara Barat,2022,120.3
798,5202,Kabupaten Lombok Tengah,Nusa Tenggara Barat,2022,116.9
799,5203,Kabupaten Lombok Timur,Nusa Tenggara Barat,2022,134.6
800,5204,Kabupaten Sumbawa,Nusa Tenggara Barat,2022,108.4
801,5205,Kabupaten Dompu,Nusa Tenggara Barat,2022,109.1
802,5206,Kabupaten Bima,Nusa Tenggara Barat,2022,93.3
803,5207,Kabupaten Sumbawa Barat,Nusa Tenggara Barat,2022,115
804,5208,Kabupaten Lombok Utara,Nusa Tenggara Barat,2022,120.1
805,5271,Kota Mataram,Nusa Tenggara Barat,2022,123.1
806,5272,Kota Bima,Nusa Tenggara Barat,2022,93.2
807,5312,Kabupaten Sumba Barat,Nusa Tenggara Timur,2022,84.6
808,5311,Kabupaten Sumba Timur,Nusa Tenggara Timur,2022,93.4
809,5301,Kabupaten Kupang,Nusa Tenggara Timur,2022,89.4
810,5302,Kabupaten Timor Tengah Selatan,Nusa Tenggara Timur,2022,89.3
811,5303,Kabupaten Timor Tengah Utara,Nusa Tenggara Timur,2022,92.3
812,5304,Kabupaten Belu,Nusa Tenggara Timur,2022,95.7
813,5305,Kabupaten Alor,Nusa Tenggara Timur,2022,85.3
814,5313,Kabupaten Lembata,Nusa Tenggara Timur,2022,89.8
815,5306,Kabupaten Flores Timur,Nusa Tenggara Timur,2022,97.4
816,5307,Kabupaten Sikka,Nusa Tenggara Timur,2022,86.3
817,5308,Kabupaten Ende,Nusa Tenggara Timur,2022,102.3
818,5309,Kabupaten Ngada,Nusa Tenggara Timur,2022,99.1
819,5310,Kabupaten Manggarai,Nusa Tenggara Timur,2022,106.2
820,5314,Kabupaten Rote Ndao,Nusa Tenggara Timur,2022,79.1
821,5315,Kabupaten Manggarai Barat,Nusa Tenggara Timur,2022,97.6
822,5317,Kabupaten Sumba Tengah,Nusa Tenggara Timur,2022,82.6
823,5318,Kabupaten Sumba Barat Daya,Nusa Tenggara Timur,2022,98.6
824,5316,Kabupaten Nagekeo,Nusa Tenggara Timur,2022,90.5
825,5319,Kabupaten Manggarai Timur,Nusa Tenggara Timur,2022,103.7
826,5320,Kabupaten Sabu Raijua,Nusa Tenggara Timur,2022,101.5
827,5321,Kabupaten Malaka,Nusa Tenggara Timur,2022,106.7
828,5371,Kota Kupang,Nusa Tenggara Timur,2022,88.8
829,6101,Kabupaten Sambas,Kalimantan Barat,2022,91.8
830,6107,Kabupaten Bengkayang,Kalimantan Barat,2022,97.7
831,6108,Kabupaten Landak,Kalimantan Barat,2022,97.6
832,6102,Kabupaten Mempawah,Kalimantan Barat,2022,84.3
833,6103,Kabupaten Sanggau,Kalimantan Barat,2022,86.1
834,6104,Kabupaten Ketapang,Kalimantan Barat,2022,85.6
835,6105,Kabupaten Sintang,Kalimantan Barat,2022,91.7
836,6106,Kabupaten Kapuas Hulu,Kalimantan Barat,2022,96
837,6109,Kabupaten Sekadau,Kalimantan Barat,2022,94.7
838,6110,Kabupaten Melawi,Kalimantan Barat,2022,92.1
839,6111,Kabupaten Kayong Utara,Kalimantan Barat,2022,95.5
840,6112,Kabupaten Kubu Raya,Kalimantan Barat,2022,84.8
841,6171,Kota Pontianak,Kalimantan Barat,2022,87.6
842,6172,Kota Singkawang,Kalimantan Barat,2022,92.8
843,6201,Kabupaten Kotawaringin Barat,Kalimantan Tengah,2022,104
844,6202,Kabupaten Kotawaringin Timur,Kalimantan Tengah,2022,97.3
845,6203,Kabupaten Kapuas,Kalimantan Tengah,2022,106.5
846,6204,Kabupaten Barito Selatan,Kalimantan Tengah,2022,107.6
847,6205,Kabupaten Barito Utara,Kalimantan Tengah,2022,88.1
848,6208,Kabupaten Sukamara,Kalimantan Tengah,2022,107.5
849,6209,Kabupaten Lamandau,Kalimantan Tengah,2022,105.3
850,6207,Kabupaten Seruyan,Kalimantan Tengah,2022,104.7
851,6206,Kabupaten Katingan,Kalimantan Tengah,2022,101.8
852,6211,Kabupaten Pulang Pisau,Kalimantan Tengah,2022,104.6
853,6210,Kabupaten Gunung Mas,Kalimantan Tengah,2022,90.3
854,6213,Kabupaten Barito Timur,Kalimantan Tengah,2022,109.6
855,6212,Kabupaten Murung Raya,Kalimantan Tengah,2022,94.9
856,6271,Kota Palangka Raya,Kalimantan Tengah,2022,92.3
857,6301,Kabupaten Tanah Laut,Kalimantan Selatan,2022,106.9
858,6302,Kabupaten Kota Baru,Kalimantan Selatan,2022,102.8
859,6303,Kabupaten Banjar,Kalimantan Selatan,2022,105.8
860,6304,Kabupaten Barito Kuala,Kalimantan Selatan,2022,105.5
861,6305,Kabupaten Tapin,Kalimantan Selatan,2022,105.4
862,6306,Hulu Sungai Selatan,Kalimantan Selatan,2022,109.8
863,6307,Hulu Sungai Tengah,Kalimantan Selatan,2022,98.2
864,6308,Hulu Sungai Utara,Kalimantan Selatan,2022,105.6
865,6309,Kabupaten Tabalong,Kalimantan Selatan,2022,115.4
866,6310,Kabupaten Tanah Bumbu,Kalimantan Selatan,2022,102.6
867,6311,Kabupaten Balangan,Kalimantan Selatan,2022,111.6
868,6371,Kota Banjarmasin,Kalimantan Selatan,2022,98.9
869,6372,Kota Banjar Baru,Kalimantan Selatan,2022,99.3
870,6401,Kabupaten Paser,Kalimantan Timur,2022,96
871,6407,Kabupaten Kutai Barat,Kalimantan Timur,2022,87.4
872,6402,Kabupaten Kutai Kertanegara,Kalimantan Timur,2022,91.5
873,6408,Kabupaten Kutai Timur,Kalimantan Timur,2022,92.4
874,6403,Kabupaten Berau,Kalimantan Timur,2022,95.9
875,6409,Kabupaten Penajam Paser Utara,Kalimantan Timur,2022,90.7
876,6411,Kabupaten Mahakam Ulu,Kalimantan Timur,2022,88.7
877,6471,Kota Balikpapan,Kalimantan Timur,2022,88.8
878,6472,Kota Samarinda,Kalimantan Timur,2022,90.4
879,6474,Kota Bontang,Kalimantan Timur,2022,93
880,6502,Kabupaten Malinau,Kalimantan Utara,2022,89.8
881,6501,Kabupaten Bulungan,Kalimantan Utara,2022,87
882,6504,Kabupaten Tana Tidung,Kalimantan Utara,2022,86.9
883,6503,Kabupaten Nunukan,Kalimantan Utara,2022,94.1
884,6571,Kota Tarakan,Kalimantan Utara,2022,84.5
885,7101,Kabupaten Bolaang Mongondow,Sulawesi Utara,2022,102.4
886,7102,Kabupaten Minahasa,Sulawesi Utara,2022,105.3
887,7103,Kabupaten Kepulauan Sangihe,Sulawesi Utara,2022,97.3
888,7104,Kabupaten Kepulauan Talaud,Sulawesi Utara,2022,92.4
889,7105,Kabupaten Minahasa Selatan,Sulawesi Utara,2022,104.8
890,7106,Kabupaten Minahasa Utara,Sulawesi Utara,2022,104.2
891,7108,Kabupaten Bolaang Mongondow Utara,Sulawesi Utara,2022,100.6
892,7109,Kabupaten Kep. Siau Tagulandang Biaro,Sulawesi Utara,2022,85.7
893,7107,Kabupaten Minahasa Tenggara,Sulawesi Utara,2022,102.3
894,7111,Kabupaten Bolaang Mongondow Selatan,Sulawesi Utara,2022,100.1
895,7110,Kabupaten Bolaang Mongondow Timur,Sulawesi Utara,2022,110.8
896,7171,Kota Manado,Sulawesi Utara,2022,104.7
897,7172,Kota Bitung,Sulawesi Utara,2022,101.7
898,7173,Kota Tomohon,Sulawesi Utara,2022,111.2
899,7174,Kota Kotamobago,Sulawesi Utara,2022,96.7
900,7207,Kabupaten Banggai Kepulauan,Sulawesi Tengah,2022,96.6
901,7201,Kabupaten Banggai,Sulawesi Tengah,2022,98
902,7206,Kabupaten Morowali,Sulawesi Tengah,2022,97.2
903,7202,Kabupaten Poso,Sulawesi Tengah,2022,101.6
904,7203,Kabupaten Donggala,Sulawesi Tengah,2022,102.3
905,7204,Kabupaten Toli-Toli,Sulawesi Tengah,2022,84.9
906,7205,Kabupaten Buol,Sulawesi Tengah,2022,80.3
907,7208,Kabupaten Parigi Moutong,Sulawesi Tengah,2022,94.5
908,7209,Kabupaten Tojo Una-Una,Sulawesi Tengah,2022,88.2
909,7210,Kabupaten Sigi,Sulawesi Tengah,2022,102.2
910,7211,Kabupaten Banggai Laut,Sulawesi Tengah,2022,110.5
911,7212,Kabupaten Morowali Utara,Sulawesi Tengah,2022,103.1
912,7271,Kota Palu,Sulawesi Tengah,2022,88.6
913,7301,Kabupaten Selayar,Sulawesi Selatan,2022,102.6
914,7302,Kabupaten Bulukumba,Sulawesi Selatan,2022,113
915,7303,Kabupaten Bantaeng,Sulawesi Selatan,2022,99
916,7304,Kabupaten Jeneponto,Sulawesi Selatan,2022,106.8
917,7305,Kabupaten Takalar,Sulawesi Selatan,2022,93.7
918,7306,Kabupaten Gowa,Sulawesi Selatan,2022,97.2
919,7307,Kabupaten Sinjai,Sulawesi Selatan,2022,96.6
920,7309,Kabupaten Maros,Sulawesi Selatan,2022,98.6
921,7310,Kabupaten Pangkajene dan Kepulauan,Sulawesi Selatan,2022,130.1
922,7311,Kabupaten Barru,Sulawesi Selatan,2022,98.4
923,7308,Kabupaten Bone,Sulawesi Selatan,2022,94.3
924,7312,Kabupaten Soppeng,Sulawesi Selatan,2022,94.2
925,7313,Kabupaten Wajo,Sulawesi Selatan,2022,92.1
926,7314,Kabupaten Sidenreng Rappang,Sulawesi Selatan,2022,94.3
927,7315,Kabupaten Pinrang,Sulawesi Selatan,2022,82.1
928,7316,Kabupaten Enrekang,Sulawesi Selatan,2022,88.2
929,7317,Kabupaten Luwu,Sulawesi Selatan,2022,98.1
930,7318,Kabupaten Tana Toraja,Sulawesi Selatan,2022,88.3
931,7322,Kabupaten Luwu Utara,Sulawesi Selatan,2022,101.2
932,7324,Kabupaten Luwu Timur,Sulawesi Selatan,2022,97.3
933,7326,Kabupaten Toraja Utara,Sulawesi Selatan,2022,91.5
934,7371,Kota Makasar,Sulawesi Selatan,2022,105.2
935,7372,Kota Pare-Pare,Sulawesi Selatan,2022,90.7
936,7373,Kota Palopo,Sulawesi Selatan,2022,84.5
937,7404,Kabupaten Buton,Sulawesi Tenggara,2022,97.8
938,7403,Kabupaten Muna,Sulawesi Tenggara,2022,92.5
939,7402,Kabupaten Konawe,Sulawesi Tenggara,2022,95
940,7401,Kabupaten Kolaka,Sulawesi Tenggara,2022,84.8
941,7405,Kabupaten Konawe Selatan,Sulawesi Tenggara,2022,91.2
942,7406,Kabupaten Bombana,Sulawesi Tenggara,2022,93.5
943,7407,Kabupaten Wakatobi,Sulawesi Tenggara,2022,97.1
944,7408,Kabupaten Kolaka Utara,Sulawesi Tenggara,2022,100.9
945,7410,Kabupaten Buton Utara,Sulawesi Tenggara,2022,98.2
946,7409,Kabupaten Konawe Utara,Sulawesi Tenggara,2022,98.8
947,7411,Kabupaten Kolaka Timur,Sulawesi Tenggara,2022,96.3
948,7412,Kabupaten Konawe Kepulauan,Sulawesi Tenggara,2022,86.6
949,7413,Kabupaten Muna Barat,Sulawesi Tenggara,2022,91.6
950,7414,Kabupaten Buton Tengah,Sulawesi Tenggara,2022,89.2
951,7415,Kabupaten Buton Selatan,Sulawesi Tenggara,2022,89
952,7471,Kota Kendari,Sulawesi Tenggara,2022,90.2
953,7472,Kota Bau-Bau,Sulawesi Tenggara,2022,83.1
954,7502,Kabupaten Boalemo,Gorontalo,2022,100.9
955,7501,Kabupaten Gorontalo,Gorontalo,2022,93.9
956,7504,Kabupaten Pohuwato,Gorontalo,2022,90
957,7503,Kabupaten Bone Bolango,Gorontalo,2022,88.6
958,7505,Kabupaten Gorontalo Utara,Gorontalo,2022,95.1
959,7571,Kota Gorontalo,Gorontalo,2022,91
960,7605,Kabupaten Majene,Sulawesi Barat,2022,94.1
961,7604,Kabupaten Polewali Mandar,Sulawesi Barat,2022,108.5
962,7603,Kabupaten Mamasa,Sulawesi Barat,2022,97.6
963,7602,Kabupaten Mamuju,Sulawesi Barat,2022,92.2
964,7601,Kabupaten Mamuju Utara,Sulawesi Barat,2022,98
965,7606,Kabupaten Mamuju Tengah,Sulawesi Barat,2022,94.7
966,8103,Kabupaten Kepulauan Tanimbar,Maluku,2022,81.6
967,8102,Kabupaten Maluku Tenggara,Maluku,2022,86.9
968,8101,Kabupaten Maluku Tengah,Maluku,2022,93.4
969,8104,Kabupaten Buru,Maluku,2022,82.2
970,8107,Kabupaten Kepulauan Aru,Maluku,2022,81.2
971,8106,Kabupaten Seram Bagian Barat,Maluku,2022,92.8
972,8105,Kabupaten Seram Bagian Timur,Maluku,2022,88
973,8108,Kabupaten Maluku Barat Daya,Maluku,2022,84.9
974,8109,Kabupaten Buru Selatan,Maluku,2022,81.9
975,8171,Kota Ambon,Maluku,2022,87.9
976,8172,Kota Tual,Maluku,2022,82.2
977,8201,Kabupaten Halmahera Barat,Maluku Utara,2022,89.7
978,8202,Kabupaten Halmahera Tengah,Maluku Utara,2022,77.3
979,8205,Kabupaten Kepulauan Sula,Maluku Utara,2022,82.9
980,8204,Kabupaten Halmahera Selatan,Maluku Utara,2022,93.4
981,8203,Kabupaten Halmahera Utara,Maluku Utara,2022,87.4
982,8206,Kabupaten Halmahera Timur,Maluku Utara,2022,89
983,8207,Kabupaten Pulau Morotai,Maluku Utara,2022,95.2
984,8208,Kabupaten Pulau Taliabu,Maluku Utara,2022,91.2
985,8271,Kota Ternate,Maluku Utara,2022,85.3
986,8272,Kota Tidore Kepulauan,Maluku Utara,2022,82
987,9203,Kabupaten Fak-Fak,Papua Barat,2022,101.9
988,9208,Kabupaten Kaimana,Papua Barat,2022,89
989,9207,Kabupaten Teluk Wondama,Papua Barat,2022,83.2
990,9206,Kabupaten Teluk Bintuni,Papua Barat,2022,89.2
991,9202,Kabupaten Manokwari,Papua Barat,2022,93.8
992,9204,Kabupaten Sorong Selatan,Papua Barat,2022,72.7
993,9201,Kabupaten Sorong,Papua Barat,2022,96.4
994,9205,Kabupaten Raja Ampat,Papua Barat,2022,90.5
995,9209,Kabupaten Tambrauw,Papua Barat,2022,86.4
996,9210,Kabupaten Maybrat,Papua Barat,2022,81.7
997,9211,Kabupaten Manokwari Selatan,Papua Barat,2022,96.4
998,9212,Kabupaten Pegunungan Arfak,Papua Barat,2022,91.4
999,9271,Kota Sorong,Papua Barat,2022,85.2
1000,9101,Kabupaten Merauke,Papua,2022,97.4
1001,9102,Kabupaten Jayawijaya,Papua,2022,92.4
1002,9103,Kabupaten Jayapura,Papua,2022,90.5
1003,9104,Kabupaten Nabire,Papua,2022,88.6
1004,9105,Kabupaten Kepulauan Yapen,Papua,2022,82.4
1005,9106,Kabupaten Biak Namfor,Papua,2022,67.4
1006,9108,Kabupaten Paniai,Papua,2022,82.6
1007,9107,Kabupaten Puncak Jaya,Papua,2022,90.6
1008,9109,Kabupaten Mimika,Papua,2022,85.3
1009,9116,Kabupaten Boven Digoel,Papua,2022,77.9
1010,9117,Kabupaten Mappi,Papua,2022,69.9
1011,9118,Kabupaten Asmat,Papua,2022,85.4
1012,9113,Kabupaten Yahukimo,Papua,2022,69.9
1013,9112,Kabupaten Pegunungan Bintang,Papua,2022,85.4
1014,9114,Kabupaten Tolikara,Papua,2022,89.9
1015,9110,Kabupaten Sarmi,Papua,2022,83.6
1016,9111,Kabupaten Keerom,Papua,2022,75.7
1017,9115,Kabupaten Waropen,Papua,2022,77.6
1018,9119,Kabupaten Supiori,Papua,2022,102.4
1019,9120,Kabupaten Mamberamo Raya,Papua,2022,78.4
1020,9124,Kabupaten Nduga,Papua,2022,106
1021,9123,Kabupaten Lanny Jaya,Papua,2022,136.2
1022,9121,Kabupaten Mamberamo Tengah,Papua,2022,91.8
1023,9122,Kabupaten Yalimo,Papua,2022,95
1024,9125,Kabupaten Puncak,Papua,2022,81.4
1025,9126,Kabupaten Dogiyai,Papua,2022,61.9
1026,9127,Kabupaten Intan Jaya,Papua,2022,68.9
1027,9128,Kabupaten Deiyai,Papua,2022,81.1
1028,9171,Kota Jayapura,Papua,2022,88.4
1029,1109,Kabupaten Simeulue,Aceh,2023,96.2
1030,1110,Kabupaten Aceh Singkil,Aceh,2023,104.2
1031,1101,Kabupaten Aceh Selatan,Aceh,2023,94.4
1032,1102,Kabupaten Aceh Tenggara,Aceh,2023,103.1
1033,1103,Kabupaten Aceh Timur,Aceh,2023,95.3
1034,1104,Kabupaten Aceh Tengah,Aceh,2023,98.2
1035,1105,Kabupaten Aceh Barat,Aceh,2023,97.7
1036,1106,Kabupaten Aceh Besar,Aceh,2023,90.1
1037,1107,Kabupaten Pidie,Aceh,2023,98.6
1038,1111,Kabupaten Bireuen,Aceh,2023,99.8
1039,1108,Kabupaten Aceh Utara,Aceh,2023,91.8
1040,1112,Kabupaten Aceh Barat Daya,Aceh,2023,99.7
1041,1113,Kabupaten Gayo Lues,Aceh,2023,115.2
1042,1116,Kabupaten Aceh Tamiang,Aceh,2023,91.1
1043,1115,Kabupaten Nagan Raya,Aceh,2023,142.7
1044,1114,Kabupaten Aceh Jaya,Aceh,2023,107.2
1045,1117,Kabupaten Bener Meriah,Aceh,2023,112
1046,1118,Kabupaten Pidie Jaya,Aceh,2023,100.3
1047,1171,Kota Banda Aceh,Aceh,2023,89.6
1048,1172,Kota Sabang,Aceh,2023,99.8
1049,1174,Kota Langsa,Aceh,2023,89.2
1050,1173,Kota Lhokseumawe,Aceh,2023,89.2
1051,1175,Kota Subulussalam,Aceh,2023,101
1052,1204,Kabupaten Nias,Sumatera Utara,2023,104
1053,1213,Kabupaten Mandailing Natal,Sumatera Utara,2023,109
1054,1203,Kabupaten Tapanuli Selatan,Sumatera Utara,2023,105.4
1055,1201,Kabupaten Tapanuli Tengah,Sumatera Utara,2023,91
1056,1202,Kabupaten Tapanuli Utara,Sumatera Utara,2023,107.5
1057,1212,Kabupaten Toba Samosir,Sumatera Utara,2023,112.7
1058,1210,Kabupaten Labuhan Batu,Sumatera Utara,2023,98.3
1059,1209,Kabupaten Asahan,Sumatera Utara,2023,95.6
1060,1208,Kabupaten Simalungun,Sumatera Utara,2023,103.2
1061,1211,Kabupaten Dairi,Sumatera Utara,2023,99.2
1062,1206,Kabupaten Karo,Sumatera Utara,2023,111.7
1063,1207,Kabupaten Deli Serdang,Sumatera Utara,2023,96.3
1064,1205,Kabupaten Langkat,Sumatera Utara,2023,96.4
1065,1214,Kabupaten Nias Selatan,Sumatera Utara,2023,101.5
1066,1216,Kabupaten Humbang Hasundutan,Sumatera Utara,2023,108.8
1067,1215,Kabupaten Pakpak Bharat,Sumatera Utara,2023,11
1068,1217,Kabupaten Samosir,Sumatera Utara,2023,109.9
1069,1218,Kabupaten Serdang Bedagai,Sumatera Utara,2023,100.6
1070,1219,Kabupaten Batu Bara,Sumatera Utara,2023,91.8
1071,1220,Kabupaten Padang Lawas Utara,Sumatera Utara,2023,109.4
1072,1221,Kabupaten Padang Lawas,Sumatera Utara,2023,102
1073,1222,Kabupaten Labuhan Batu Selatan,Sumatera Utara,2023,97.5
1074,1223,Kabupaten Labuhan Batu Utara,Sumatera Utara,2023,98
1075,1224,Kabupaten Nias Utara,Sumatera Utara,2023,102.7
1076,1225,Kabupaten Nias Barat,Sumatera Utara,2023,97.6
1077,1273,Kota Sibolga,Sumatera Utara,2023,89.5
1078,1274,Kota Tanjung Balai,Sumatera Utara,2023,101.9
1079,1272,Kota Pematang Siantar,Sumatera Utara,2023,102.3
1080,1276,Kota Tebing Tinggi,Sumatera Utara,2023,102.3
1081,1271,Kota Medan,Sumatera Utara,2023,99.7
1082,1275,Kota Binjai,Sumatera Utara,2023,90.9
1083,1277,Kota Padang Sidimpuan,Sumatera Utara,2023,99.3
1084,1278,Kota Gunungsitoli,Sumatera Utara,2023,83.6
1085,1309,Kabupaten Kepulauan Mentawai,Sumatera Barat,2023,103.4
1086,1301,Kabupaten Pesisir Selatan,Sumatera Barat,2023,100.7
1087,1302,Kabupaten Solok,Sumatera Barat,2023,112.2
1088,1303,Kabupaten Sijunjung,Sumatera Barat,2023,103
1089,1304,Kabupaten Tanah Datar,Sumatera Barat,2023,99.1
1090,1305,Kabupaten Padang Pariaman,Sumatera Barat,2023,91
1091,1306,Kabupaten Agam,Sumatera Barat,2023,98.8
1092,1307,Kabupaten Limapuluh Koto,Sumatera Barat,2023,108.2
1093,1308,Kabupaten Pasaman,Sumatera Barat,2023,105.1
1094,1311,Kabupaten Solok Selatan,Sumatera Barat,2023,110.7
1095,1310,Kabupaten Dharmas Raya,Sumatera Barat,2023,95.7
1096,1312,Kabupaten Pasaman Barat,Sumatera Barat,2023,98.6
1097,1371,Kota Padang,Sumatera Barat,2023,92.4
1098,1372,Kota Solok,Sumatera Barat,2023,99.6
1099,1373,Kota Sawah Lunto,Sumatera Barat,2023,99.3
1100,1374,Kota Padang Panjang,Sumatera Barat,2023,93.5
1101,1375,Kota Bukittinggi,Sumatera Barat,2023,92
1102,1376,Kota Payakumbuh,Sumatera Barat,2023,100.5
1103,1377,Kota Pariaman,Sumatera Barat,2023,89.5
1104,1409,Kabupaten Kuantan Sengingi,Riau,2023,97.5
1105,1402,Kabupaten Indragiri Hulu,Riau,2023,98.7
1106,1404,Kabupaten Indragiri Hilir,Riau,2023,97.5
1107,1405,Kabupaten Pelalawan,Riau,2023,105
1108,1408,Kabupaten Siak,Riau,2023,103.3
1109,1401,Kabupaten Kampar,Riau,2023,96.4
1110,1406,Kabupaten Rokan Hulu,Riau,2023,101.7
1111,1403,Kabupaten Bengkalis,Riau,2023,101
1112,1407,Kabupaten Rokan Hilir,Riau,2023,92.2
1113,1410,Kabupaten Kepulauan Meranti,Riau,2023,99.3
1114,1471,Kota Pekanbaru,Riau,2023,90.5
1115,1472,Kota Dumai,Riau,2023,98
1116,1501,Kabupaten Kerinci,Jambi,2023,112.1
1117,1502,Kabupaten Merangin,Jambi,2023,89.9
1118,1503,Kabupaten Sarolangun,Jambi,2023,94.2
1119,1504,Kabupaten Batang Hari,Jambi,2023,101.4
1120,1505,Kabupaten Muaro Jambi,Jambi,2023,100.2
1121,1507,Kabupaten Tanjung Jabung Timur,Jambi,2023,110.3
1122,1506,Kabupaten Tanjung Jabung Barat,Jambi,2023,93.1
1123,1509,Kabupaten Tebo,Jambi,2023,95
1124,1508,Kabupaten Bungo,Jambi,2023,98
1125,1571,Kota Jambi,Jambi,2023,92.4
1126,1572,Kota Sungai Penuh,Jambi,2023,96
1127,1601,Kabupaten Ogan Komering Ulu,Sumatera Selatan,2023,98.3
1128,1602,Kabupaten Ogan Komering Ilir,Sumatera Selatan,2023,109.1
1129,1603,Kabupaten Muara Enim,Sumatera Selatan,2023,96.2
1130,1604,Kabupaten Lahat,Sumatera Selatan,2023,119.7
1131,1605,Kabupaten Musi Rawas,Sumatera Selatan,2023,105
1132,1606,Kabupaten Musi Banyuasin,Sumatera Selatan,2023,102.6
1133,1607,Kabupaten Banyuasin,Sumatera Selatan,2023,113.2
1134,1609,Kabupaten Ogan Komering Ulu Selatan,Sumatera Selatan,2023,105.2
1135,1608,Kabupaten Ogan Komering Ulu Timur,Sumatera Selatan,2023,97.3
1136,1610,Kabupaten Ogan Ilir,Sumatera Selatan,2023,97.9
1137,1611,Kabupaten Empat Lawang,Sumatera Selatan,2023,113.2
1138,1612,Kabupaten Penukal Abab Lematang Ilir,Sumatera Selatan,2023,103.4
1139,1613,Kabupaten Musi Rawas Utara,Sumatera Selatan,2023,105.8
1140,1671,Kota Palembang,Sumatera Selatan,2023,103.5
1141,1674,Kota Prabumulih,Sumatera Selatan,2023,93
1142,1672,Kota Pagar Alam,Sumatera Selatan,2023,98.8
1143,1673,Kota Lubuklinggau,Sumatera Selatan,2023,102.7
1144,1701,Kabupaten Bengkulu Selatan,Bengkulu,2023,143.6
1145,1702,Kabupaten Rejang Lebong,Bengkulu,2023,102.1
1146,1703,Kabupaten Bengkulu Utara,Bengkulu,2023,96.8
1147,1704,Kabupaten Kaur,Bengkulu,2023,104.5
1148,1705,Kabupaten Seluma,Bengkulu,2023,99.4
1149,1706,Kabupaten Mukomuko,Bengkulu,2023,95.4
1150,1707,Kabupaten Lebong,Bengkulu,2023,110.8
1151,1708,Kabupaten Kepahiang,Bengkulu,2023,101.8
1152,1709,Kabupaten Bengkulu Tengah,Bengkulu,2023,100
1153,1771,Kota Bengkulu,Bengkulu,2023,88.6
1154,1804,Kabupaten Lampung Barat,Lampung,2023,107.6
1155,1806,Kabupaten Tanggamus,Lampung,2023,107.1
1156,1801,Kabupaten Lampung Selatan,Lampung,2023,98.9
1157,1807,Kabupaten Lampung Timur,Lampung,2023,98.3
1158,1802,Kabupaten Lampung Tengah,Lampung,2023,98.7
1159,1803,Kabupaten Lampung Utara,Lampung,2023,87.5
1160,1808,Kabupaten Way Kanan,Lampung,2023,105.5
1161,1805,Kabupaten Tulang Bawang,Lampung,2023,92.9
1162,1809,Kabupaten Pesawaran,Lampung,2023,107.4
1163,1810,Kabupaten Pringsewu,Lampung,2023,101.9
1164,1811,Kabupaten Mesuji,Lampung,2023,98.7
1165,1812,Kabupaten Tulang Bawang Barat,Lampung,2023,89.6
1166,1813,Kabupaten Pesisir Barat,Lampung,2023,98.7
1167,1871,Kota Bandar Lampung,Lampung,2023,94.1
1168,1872,Kota Metro,Lampung,2023,87.5
1169,1901,Kabupaten Bangka,Kep. Bangka Belitung,2023,96.6
1170,1902,Kabupaten Belitung,Kep. Bangka Belitung,2023,96.6
1171,1905,Kabupaten Bangka Barat,Kep. Bangka Belitung,2023,92.5
1172,1904,Kabupaten Bangka Tengah,Kep. Bangka Belitung,2023,101.9
1173,1903,Kabupaten Bangka Selatan,Kep. Bangka Belitung,2023,102.8
1174,1906,Kabupaten Belitung Timur,Kep. Bangka Belitung,2023,102.6
1175,1971,Kota Pangkal Pinang,Kep. Bangka Belitung,2023,96.1
1176,2102,Kabupaten Karimun,Kep. Riau,2023,94.6
1177,2101,Kabupaten Bintan,Kep. Riau,2023,97.6
1178,2103,Kabupaten Natuna,Kep. Riau,2023,101.5
1179,2104,Kabupaten Lingga,Kep. Riau,2023,93.9
1180,2105,Kabupaten Kepulauan Anambas,Kep. Riau,2023,95
1181,2171,Kota Batam,Kep. Riau,2023,97.5
1182,2172,Kota Tanjung Pinang,Kep. Riau,2023,101
1183,3101,Kabupaten Kepulauan Seribu,DKI Jakarta,2023,98.7
1184,3174,Kota Jakarta Selatan,DKI Jakarta,2023,102.9
1185,3175,Kota Jakarta Timur,DKI Jakarta,2023,104.1
1186,3171,Kota Jakarta Pusat,DKI Jakarta,2023,100.1
1187,3173,Kota Jakarta Barat,DKI Jakarta,2023,94.1
1188,3172,Kota Jakarta Utara,DKI Jakarta,2023,114.2
1189,3201,Kabupaten Bogor,Jawa Barat,2023,93.4
1190,3202,Kabupaten Sukabumi,Jawa Barat,2023,112.9
1191,3203,Kabupaten Cianjur,Jawa Barat,2023,106.1
1192,3204,Kabupaten Bandung,Jawa Barat,2023,93.2
1193,3205,Kabupaten Garut,Jawa Barat,2023,101.4
1194,3206,Kabupaten Tasikmalaya,Jawa Barat,2023,97.5
1195,3207,Kabupaten Ciamis,Jawa Barat,2023,107.5
1196,3208,Kabupaten Kuningan,Jawa Barat,2023,97.7
1197,3209,Kabupaten Cirebon,Jawa Barat,2023,94.3
1198,3210,Kabupaten Majalengka,Jawa Barat,2023,103
1199,3211,Kabupaten Sumedang,Jawa Barat,2023,106.8
1200,3212,Kabupaten Indramayu,Jawa Barat,2023,115.7
1201,3213,Kabupaten Subang,Jawa Barat,2023,103.4
1202,3214,Kabupaten Purwakarta,Jawa Barat,2023,105.8
1203,3215,Kabupaten Karawang,Jawa Barat,2023,104.2
1204,3216,Kabupaten Bekasi,Jawa Barat,2023,96.8
1205,3217,Kabupaten Bandung Barat,Jawa Barat,2023,98.1
1206,3218,Kabupaten Pangandaran,Jawa Barat,2023,108.7
1207,3271,Kota Bogor,Jawa Barat,2023,98.5
1208,3272,Kota Sukabumi,Jawa Barat,2023,100.2
1209,3273,Kota Bandung,Jawa Barat,2023,96.1
1210,3274,Kota Cirebon,Jawa Barat,2023,94.3
1211,3275,Kota Bekasi,Jawa Barat,2023,97.9
1212,3276,Kota Depok,Jawa Barat,2023,95.6
1213,3277,Kota Cimahi,Jawa Barat,2023,94.9
1214,3278,Kota Tasikmalaya,Jawa Barat,2023,115
1215,3279,Kota Banjar,Jawa Barat,2023,118
1216,3301,Kabupaten Cilacap,Jawa Tengah,2023,98.2
1217,3302,Kabupaten Banyumas,Jawa Tengah,2023,97.5
1218,3303,Kabupaten  Purbalingga,Jawa Tengah,2023,92.8
1219,3304,Kabupaten Banjarnegara,Jawa Tengah,2023,98.7
1220,3305,Kabupaten Kebumen,Jawa Tengah,2023,96.5
1221,3306,Kabupaten Purworejo,Jawa Tengah,2023,88.9
1222,3307,Kabupaten Wonosobo,Jawa Tengah,2023,103.6
1223,3308,Kabupaten Magelang,Jawa Tengah,2023,92.3
1224,3309,Kabupaten Boyolali,Jawa Tengah,2023,89.8
1225,3310,Kabupaten Klaten,Jawa Tengah,2023,87.2
1226,3311,Kabupaten Sukoharjo,Jawa Tengah,2023,87.5
1227,3312,Kabupaten Wonogiri,Jawa Tengah,2023,99.1
1228,3313,Kabupaten Karanganyar,Jawa Tengah,2023,89.2
1229,3314,Kabupaten Sragen,Jawa Tengah,2023,100.4
1230,3315,Kabupaten Grobogan,Jawa Tengah,2023,102.9
1231,3316,Kabupaten Blora,Jawa Tengah,2023,99.6
1232,3317,Kabupaten Rembang,Jawa Tengah,2023,104.5
1233,3318,Kabupaten Pati,Jawa Tengah,2023,101.9
1234,3319,Kabupaten Kudus,Jawa Tengah,2023,90.5
1235,3320,Kabupaten Jepara,Jawa Tengah,2023,93.1
1236,3321,Kabupaten Demak,Jawa Tengah,2023,96.9
1237,3322,Kabupaten Semarang,Jawa Tengah,2023,94.6
1238,3323,Kabupaten Temanggung,Jawa Tengah,2023,94.3
1239,3324,Kabupaten Kendal,Jawa Tengah,2023,98.6
1240,3325,Kabupaten Batang ,Jawa Tengah,2023,98.7
1241,3326,Kabupaten Pekalongan,Jawa Tengah,2023,105.7
1242,3327,Kabupaten Pemalang,Jawa Tengah,2023,107.7
1243,3328,Kabupaten Tegal,Jawa Tengah,2023,96.6
1244,3329,Kabupaten Brebes,Jawa Tengah,2023,105.5
1245,3371,Kota Magelang,Jawa Tengah,2023,81.2
1246,3372,Kota Surakarta,Jawa Tengah,2023,90.5
1247,3373,Kota Salatiga,Jawa Tengah,2023,90.2
1248,3374,Kota Semarang,Jawa Tengah,2023,84.2
1249,3375,Kota Pekalongan,Jawa Tengah,2023,98.6
1250,3376,Kota Tegal,Jawa Tengah,2023,102.2
1251,3401,Kabupaten Kulon Progo,DI Yogyakarta,2023,91.5
1252,3402,Kabupaten Bantul,DI Yogyakarta,2023,97.3
1253,3403,Kabupaten Gunung Kidul,DI Yogyakarta,2023,99.6
1254,3404,Kabupaten Sleman,DI Yogyakarta,2023,101.5
1255,3471,Kota Yogyakarta,DI Yogyakarta,2023,91.1
1256,3501,Kabupaten Pacitan,Jawa Timur,2023,101.6
1257,3502,Kabupaten Ponorogo,Jawa Timur,2023,95.1
1258,3503,Kabupaten Trenggalek,Jawa Timur,2023,97.4
1259,3504,Kabupaten Tulungagung,Jawa Timur,2023,93.1
1260,3505,Kabupaten Blitar,Jawa Timur,2023,92.5
1261,3506,Kabupaten Kediri,Jawa Timur,2023,100.8
1262,3507,Kabupaten Malang,Jawa Timur,2023,93.7
1263,3508,Kabupaten Lumajang,Jawa Timur,2023,112.6
1264,3509,Kabupaten Jember,Jawa Timur,2023,101.7
1265,3510,Kabupaten Banyuwangi,Jawa Timur,2023,102.7
1266,3511,Kabupaten Bondowoso,Jawa Timur,2023,97.4
1267,3512,Kabupaten Situbondo,Jawa Timur,2023,101.9
1268,3513,Kabupaten Probolinggo,Jawa Timur,2023,96.5
1269,3514,Kabupaten Pasuruan,Jawa Timur,2023,101.5
1270,3515,Kabupaten Sidoarjo,Jawa Timur,2023,90.8
1271,3516,Kabupaten Mojokerto,Jawa Timur,2023,101
1272,3517,Kabupaten Jombang,Jawa Timur,2023,95.7
1273,3518,Kabupaten Nganjuk,Jawa Timur,2023,101.2
1274,3519,Kabupaten Madiun,Jawa Timur,2023,98.6
1275,3520,Kabupaten Magetan,Jawa Timur,2023,95.8
1276,3521,Kabupaten Ngawi,Jawa Timur,2023,97.9
1277,3522,Kabupaten Bojonegoro,Jawa Timur,2023,102.8
1278,3523,Kabupaten Tuban,Jawa Timur,2023,103.1
1279,3524,Kabupaten Lamongan,Jawa Timur,2023,106.5
1280,3525,Kabupaten Gresik,Jawa Timur,2023,94
1281,3526,Kabupaten Bangkalan,Jawa Timur,2023,93.5
1282,3527,Kabupaten Sampang,Jawa Timur,2023,93.9
1283,3528,Kabupaten Pamekasan,Jawa Timur,2023,90.3
1284,3529,Kabupaten Sumenep,Jawa Timur,2023,134.9
1285,3571,Kota Kediri,Jawa Timur,2023,94.5
1286,3572,Kota Blitar,Jawa Timur,2023,89.3
1287,3573,Kota Malang,Jawa Timur,2023,87
1288,3574,Kota Probolinggo,Jawa Timur,2023,88.3
1289,3575,Kota Pasuruan,Jawa Timur,2023,97.6
1290,3576,Kota Mojokerto,Jawa Timur,2023,90.3
1291,3577,Kota Madiun,Jawa Timur,2023,97.3
1292,3578,Kota Surabaya,Jawa Timur,2023,94.8
1293,3579,Kota Batu,Jawa Timur,2023,90.7
1294,3601,Kabupaten Pandeglang,Banten,2023,106.6
1295,3602,Kabupaten Lebak,Banten,2023,118.1
1296,3603,Kabupaten Tangerang,Banten,2023,101.4
1297,3604,Kabupaten Serang,Banten,2023,105.1
1298,3671,Kota Tangerang,Banten,2023,112.8
1299,3672,Kota Cilegon,Banten,2023,97.4
1300,3673,Kota Serang,Banten,2023,103
1301,3674,Kota Tangerang Selatan,Banten,2023,95.6
1302,5101,Kabupaten Jembrana,Bali,2023,113.5
1303,5102,Kabupaten Tabanan,Bali,2023,108.3
1304,5103,Kabupaten Badung,Bali,2023,106.3
1305,5104,Kabupaten Gianyar,Bali,2023,111
1306,5105,Kabupaten Klungkung,Bali,2023,118.3
1307,5106,Kabupaten Bangli,Bali,2023,114.4
1308,5107,Kabupaten Karangasem,Bali,2023,101.6
1309,5108,Kabupaten Buleleng,Bali,2023,109.2
1310,5171,Kota Denpasar,Bali,2023,103.7
1311,5201,Kabupaten Lombok Barat,Nusa Tenggara Barat,2023,118.8
1312,5202,Kabupaten Lombok Tengah,Nusa Tenggara Barat,2023,117.7
1313,5203,Kabupaten Lombok Timur,Nusa Tenggara Barat,2023,137.3
1314,5204,Kabupaten Sumbawa,Nusa Tenggara Barat,2023,105.5
1315,5205,Kabupaten Dompu,Nusa Tenggara Barat,2023,104
1316,5206,Kabupaten Bima,Nusa Tenggara Barat,2023,101.5
1317,5207,Kabupaten Sumbawa Barat,Nusa Tenggara Barat,2023,112.3
1318,5208,Kabupaten Lombok Utara,Nusa Tenggara Barat,2023,123.7
1319,5271,Kota Mataram,Nusa Tenggara Barat,2023,117.9
1320,5272,Kota Bima,Nusa Tenggara Barat,2023,93.6
1321,5312,Kabupaten Sumba Barat,Nusa Tenggara Timur,2023,91.6
1322,5311,Kabupaten Sumba Timur,Nusa Tenggara Timur,2023,94
1323,5301,Kabupaten Kupang,Nusa Tenggara Timur,2023,88.9
1324,5302,Kabupaten Timor Tengah Selatan,Nusa Tenggara Timur,2023,88.7
1325,5303,Kabupaten Timor Tengah Utara,Nusa Tenggara Timur,2023,92.6
1326,5304,Kabupaten Belu,Nusa Tenggara Timur,2023,91
1327,5305,Kabupaten Alor,Nusa Tenggara Timur,2023,85.3
1328,5313,Kabupaten Lembata,Nusa Tenggara Timur,2023,90.1
1329,5306,Kabupaten Flores Timur,Nusa Tenggara Timur,2023,100.7
1330,5307,Kabupaten Sikka,Nusa Tenggara Timur,2023,83.5
1331,5308,Kabupaten Ende,Nusa Tenggara Timur,2023,105.4
1332,5309,Kabupaten Ngada,Nusa Tenggara Timur,2023,96
1333,5310,Kabupaten Manggarai,Nusa Tenggara Timur,2023,103.4
1334,5314,Kabupaten Rote Ndao,Nusa Tenggara Timur,2023,75.2
1335,5315,Kabupaten Manggarai Barat,Nusa Tenggara Timur,2023,95.5
1336,5317,Kabupaten Sumba Tengah,Nusa Tenggara Timur,2023,88.2
1337,5318,Kabupaten Sumba Barat Daya,Nusa Tenggara Timur,2023,90.3
1338,5316,Kabupaten Nagekeo,Nusa Tenggara Timur,2023,84.5
1339,5319,Kabupaten Manggarai Timur,Nusa Tenggara Timur,2023,105.7
1340,5320,Kabupaten Sabu Raijua,Nusa Tenggara Timur,2023,99.8
1341,5321,Kabupaten Malaka,Nusa Tenggara Timur,2023,97.2
1342,5371,Kota Kupang,Nusa Tenggara Timur,2023,84.2
1343,6101,Kabupaten Sambas,Kalimantan Barat,2023,98.3
1344,6107,Kabupaten Bengkayang,Kalimantan Barat,2023,98.5
1345,6108,Kabupaten Landak,Kalimantan Barat,2023,103.5
1346,6102,Kabupaten Mempawah,Kalimantan Barat,2023,92.8
1347,6103,Kabupaten Sanggau,Kalimantan Barat,2023,79.9
1348,6104,Kabupaten Ketapang,Kalimantan Barat,2023,88.5
1349,6105,Kabupaten Sintang,Kalimantan Barat,2023,90.5
1350,6106,Kabupaten Kapuas Hulu,Kalimantan Barat,2023,99.4
1351,6109,Kabupaten Sekadau,Kalimantan Barat,2023,92.8
1352,6110,Kabupaten Melawi,Kalimantan Barat,2023,92.6
1353,6111,Kabupaten Kayong Utara,Kalimantan Barat,2023,99.9
1354,6112,Kabupaten Kubu Raya,Kalimantan Barat,2023,83.9
1355,6171,Kota Pontianak,Kalimantan Barat,2023,88.6
1356,6172,Kota Singkawang,Kalimantan Barat,2023,88.5
1357,6201,Kabupaten Kotawaringin Barat,Kalimantan Tengah,2023,100.3
1358,6202,Kabupaten Kotawaringin Timur,Kalimantan Tengah,2023,105.4
1359,6203,Kabupaten Kapuas,Kalimantan Tengah,2023,102.5
1360,6204,Kabupaten Barito Selatan,Kalimantan Tengah,2023,105.4
1361,6205,Kabupaten Barito Utara,Kalimantan Tengah,2023,95.4
1362,6208,Kabupaten Sukamara,Kalimantan Tengah,2023,98
1363,6209,Kabupaten Lamandau,Kalimantan Tengah,2023,110.2
1364,6207,Kabupaten Seruyan,Kalimantan Tengah,2023,98.7
1365,6206,Kabupaten Katingan,Kalimantan Tengah,2023,100.9
1366,6211,Kabupaten Pulang Pisau,Kalimantan Tengah,2023,110.9
1367,6210,Kabupaten Gunung Mas,Kalimantan Tengah,2023,92.3
1368,6213,Kabupaten Barito Timur,Kalimantan Tengah,2023,105.3
1369,6212,Kabupaten Murung Raya,Kalimantan Tengah,2023,95.4
1370,6271,Kota Palangka Raya,Kalimantan Tengah,2023,98
1371,6301,Kabupaten Tanah Laut,Kalimantan Selatan,2023,109
1372,6302,Kabupaten Kota Baru,Kalimantan Selatan,2023,97.9
1373,6303,Kabupaten Banjar,Kalimantan Selatan,2023,101.6
1374,6304,Kabupaten Barito Kuala,Kalimantan Selatan,2023,105.8
1375,6305,Kabupaten Tapin,Kalimantan Selatan,2023,112.6
1376,6306,Hulu Sungai Selatan,Kalimantan Selatan,2023,108.7
1377,6307,Hulu Sungai Tengah,Kalimantan Selatan,2023,112
1378,6308,Hulu Sungai Utara,Kalimantan Selatan,2023,101.6
1379,6309,Kabupaten Tabalong,Kalimantan Selatan,2023,102
1380,6310,Kabupaten Tanah Bumbu,Kalimantan Selatan,2023,103.7
1381,6311,Kabupaten Balangan,Kalimantan Selatan,2023,103.9
1382,6371,Kota Banjarmasin,Kalimantan Selatan,2023,97.1
1383,6372,Kota Banjar Baru,Kalimantan Selatan,2023,100.2
1384,6401,Kabupaten Paser,Kalimantan Timur,2023,96.3
1385,6407,Kabupaten Kutai Barat,Kalimantan Timur,2023,101.7
1386,6402,Kabupaten Kutai Kertanegara,Kalimantan Timur,2023,97
1387,6408,Kabupaten Kutai Timur,Kalimantan Timur,2023,98.6
1388,6403,Kabupaten Berau,Kalimantan Timur,2023,95.1
1389,6409,Kabupaten Penajam Paser Utara,Kalimantan Timur,2023,93.4
1390,6411,Kabupaten Mahakam Ulu,Kalimantan Timur,2023,97.6
1391,6471,Kota Balikpapan,Kalimantan Timur,2023,94.9
1392,6472,Kota Samarinda,Kalimantan Timur,2023,94.1
1393,6474,Kota Bontang,Kalimantan Timur,2023,89.8
1394,6502,Kabupaten Malinau,Kalimantan Utara,2023,87
1395,6501,Kabupaten Bulungan,Kalimantan Utara,2023,98.1
1396,6504,Kabupaten Tana Tidung,Kalimantan Utara,2023,86.1
1397,6503,Kabupaten Nunukan,Kalimantan Utara,2023,88.5
1398,6571,Kota Tarakan,Kalimantan Utara,2023,88.7
1399,7101,Kabupaten Bolaang Mongondow,Sulawesi Utara,2023,100.6
1400,7102,Kabupaten Minahasa,Sulawesi Utara,2023,106.5
1401,7103,Kabupaten Kepulauan Sangihe,Sulawesi Utara,2023,92
1402,7104,Kabupaten Kepulauan Talaud,Sulawesi Utara,2023,93.6
1403,7105,Kabupaten Minahasa Selatan,Sulawesi Utara,2023,104.7
1404,7106,Kabupaten Minahasa Utara,Sulawesi Utara,2023,99.5
1405,7108,Kabupaten Bolaang Mongondow Utara,Sulawesi Utara,2023,97.9
1406,7109,Kabupaten Kep. Siau Tagulandang Biaro,Sulawesi Utara,2023,93.1
1407,7107,Kabupaten Minahasa Tenggara,Sulawesi Utara,2023,104.3
1408,7111,Kabupaten Bolaang Mongondow Selatan,Sulawesi Utara,2023,96.3
1409,7110,Kabupaten Bolaang Mongondow Timur,Sulawesi Utara,2023,105.7
1410,7171,Kota Manado,Sulawesi Utara,2023,94.4
1411,7172,Kota Bitung,Sulawesi Utara,2023,105
1412,7173,Kota Tomohon,Sulawesi Utara,2023,105.4
1413,7174,Kota Kotamobago,Sulawesi Utara,2023,97.3
1414,7207,Kabupaten Banggai Kepulauan,Sulawesi Tengah,2023,95.3
1415,7201,Kabupaten Banggai,Sulawesi Tengah,2023,99.7
1416,7206,Kabupaten Morowali,Sulawesi Tengah,2023,107.4
1417,7202,Kabupaten Poso,Sulawesi Tengah,2023,105.8
1418,7203,Kabupaten Donggala,Sulawesi Tengah,2023,122.9
1419,7204,Kabupaten Toli-Toli,Sulawesi Tengah,2023,82.6
1420,7205,Kabupaten Buol,Sulawesi Tengah,2023,85.4
1421,7208,Kabupaten Parigi Moutong,Sulawesi Tengah,2023,88.5
1422,7209,Kabupaten Tojo Una-Una,Sulawesi Tengah,2023,89.3
1423,7210,Kabupaten Sigi,Sulawesi Tengah,2023,98.5
1424,7211,Kabupaten Banggai Laut,Sulawesi Tengah,2023,101.8
1425,7212,Kabupaten Morowali Utara,Sulawesi Tengah,2023,103.2
1426,7271,Kota Palu,Sulawesi Tengah,2023,96.3
1427,7301,Kabupaten Selayar,Sulawesi Selatan,2023,107.3
1428,7302,Kabupaten Bulukumba,Sulawesi Selatan,2023,103.6
1429,7303,Kabupaten Bantaeng,Sulawesi Selatan,2023,102.2
1430,7304,Kabupaten Jeneponto,Sulawesi Selatan,2023,107.6
1431,7305,Kabupaten Takalar,Sulawesi Selatan,2023,110.2
1432,7306,Kabupaten Gowa,Sulawesi Selatan,2023,104.6
1433,7307,Kabupaten Sinjai,Sulawesi Selatan,2023,100.7
1434,7309,Kabupaten Maros,Sulawesi Selatan,2023,106.5
1435,7310,Kabupaten Pangkajene dan Kepulauan,Sulawesi Selatan,2023,124.6
1436,7311,Kabupaten Barru,Sulawesi Selatan,2023,98.9
1437,7308,Kabupaten Bone,Sulawesi Selatan,2023,90.5
1438,7312,Kabupaten Soppeng,Sulawesi Selatan,2023,98
1439,7313,Kabupaten Wajo,Sulawesi Selatan,2023,98.6
1440,7314,Kabupaten Sidenreng Rappang,Sulawesi Selatan,2023,93.4
1441,7315,Kabupaten Pinrang,Sulawesi Selatan,2023,94.9
1442,7316,Kabupaten Enrekang,Sulawesi Selatan,2023,100.2
1443,7317,Kabupaten Luwu,Sulawesi Selatan,2023,100.3
1444,7318,Kabupaten Tana Toraja,Sulawesi Selatan,2023,101.1
1445,7322,Kabupaten Luwu Utara,Sulawesi Selatan,2023,110.8
1446,7324,Kabupaten Luwu Timur,Sulawesi Selatan,2023,102.9
1447,7326,Kabupaten Toraja Utara,Sulawesi Selatan,2023,96.2
1448,7371,Kota Makasar,Sulawesi Selatan,2023,94.7
1449,7372,Kota Pare-Pare,Sulawesi Selatan,2023,98.2
1450,7373,Kota Palopo,Sulawesi Selatan,2023,90.8
1451,7404,Kabupaten Buton,Sulawesi Tenggara,2023,95.9
1452,7403,Kabupaten Muna,Sulawesi Tenggara,2023,90.1
1453,7402,Kabupaten Konawe,Sulawesi Tenggara,2023,99.5
1454,7401,Kabupaten Kolaka,Sulawesi Tenggara,2023,106.5
1455,7405,Kabupaten Konawe Selatan,Sulawesi Tenggara,2023,97.2
1456,7406,Kabupaten Bombana,Sulawesi Tenggara,2023,97.3
1457,7407,Kabupaten Wakatobi,Sulawesi Tenggara,2023,100.6
1458,7408,Kabupaten Kolaka Utara,Sulawesi Tenggara,2023,99.3
1459,7410,Kabupaten Buton Utara,Sulawesi Tenggara,2023,97.9
1460,7409,Kabupaten Konawe Utara,Sulawesi Tenggara,2023,95.5
1461,7411,Kabupaten Kolaka Timur,Sulawesi Tenggara,2023,94.6
1462,7412,Kabupaten Konawe Kepulauan,Sulawesi Tenggara,2023,93.5
1463,7413,Kabupaten Muna Barat,Sulawesi Tenggara,2023,89.6
1464,7414,Kabupaten Buton Tengah,Sulawesi Tenggara,2023,84.7
1465,7415,Kabupaten Buton Selatan,Sulawesi Tenggara,2023,95.4
1466,7471,Kota Kendari,Sulawesi Tenggara,2023,97.7
1467,7472,Kota Bau-Bau,Sulawesi Tenggara,2023,81.5
1468,7502,Kabupaten Boalemo,Gorontalo,2023,110
1469,7501,Kabupaten Gorontalo,Gorontalo,2023,95.4
1470,7504,Kabupaten Pohuwato,Gorontalo,2023,93.1
1471,7503,Kabupaten Bone Bolango,Gorontalo,2023,86.4
1472,7505,Kabupaten Gorontalo Utara,Gorontalo,2023,102.4
1473,7571,Kota Gorontalo,Gorontalo,2023,86.8
1474,7605,Kabupaten Majene,Sulawesi Barat,2023,104.2
1475,7604,Kabupaten Polewali Mandar,Sulawesi Barat,2023,105.3
1476,7603,Kabupaten Mamasa,Sulawesi Barat,2023,93.3
1477,7602,Kabupaten Mamuju,Sulawesi Barat,2023,95.6
1478,7601,Kabupaten Mamuju Utara,Sulawesi Barat,2023,102.3
1479,7606,Kabupaten Mamuju Tengah,Sulawesi Barat,2023,92.3
1480,8103,Kabupaten Kepulauan Tanimbar,Maluku,2023,78.1
1481,8102,Kabupaten Maluku Tenggara,Maluku,2023,85.8
1482,8101,Kabupaten Maluku Tengah,Maluku,2023,93.2
1483,8104,Kabupaten Buru,Maluku,2023,87
1484,8107,Kabupaten Kepulauan Aru,Maluku,2023,83.8
1485,8106,Kabupaten Seram Bagian Barat,Maluku,2023,91.8
1486,8105,Kabupaten Seram Bagian Timur,Maluku,2023,92.9
1487,8108,Kabupaten Maluku Barat Daya,Maluku,2023,101.9
1488,8109,Kabupaten Buru Selatan,Maluku,2023,78.7
1489,8171,Kota Ambon,Maluku,2023,79.4
1490,8172,Kota Tual,Maluku,2023,88.3
1491,8201,Kabupaten Halmahera Barat,Maluku Utara,2023,93.2
1492,8202,Kabupaten Halmahera Tengah,Maluku Utara,2023,81
1493,8205,Kabupaten Kepulauan Sula,Maluku Utara,2023,85.6
1494,8204,Kabupaten Halmahera Selatan,Maluku Utara,2023,90.4
1495,8203,Kabupaten Halmahera Utara,Maluku Utara,2023,82.1
1496,8206,Kabupaten Halmahera Timur,Maluku Utara,2023,76.6
1497,8207,Kabupaten Pulau Morotai,Maluku Utara,2023,101.1
1498,8208,Kabupaten Pulau Taliabu,Maluku Utara,2023,96.6
1499,8271,Kota Ternate,Maluku Utara,2023,83.5
1500,8272,Kota Tidore Kepulauan,Maluku Utara,2023,87.3
1501,9203,Kabupaten Fak-Fak,Papua Barat,2023,82.3
1502,9208,Kabupaten Kaimana,Papua Barat,2023,87.6
1503,9207,Kabupaten Teluk Wondama,Papua Barat,2023,91.1
1504,9206,Kabupaten Teluk Bintuni,Papua Barat,2023,90.4
1505,9202,Kabupaten Manokwari,Papua Barat,2023,90.2
1506,9204,Kabupaten Sorong Selatan,Papua Barat,2023,84
1507,9201,Kabupaten Sorong,Papua Barat,2023,95
1508,9205,Kabupaten Raja Ampat,Papua Barat,2023,95
1509,9209,Kabupaten Tambrauw,Papua Barat,2023,79.9
1510,9210,Kabupaten Maybrat,Papua Barat,2023,78.2
1511,9211,Kabupaten Manokwari Selatan,Papua Barat,2023,88.4
1512,9212,Kabupaten Pegunungan Arfak,Papua Barat,2023,83.8
1513,9271,Kota Sorong,Papua Barat,2023,89
1514,9101,Kabupaten Merauke,Papua,2023,94.1
1515,9102,Kabupaten Jayawijaya,Papua,2023,85.4
1516,9103,Kabupaten Jayapura,Papua,2023,108.3
1517,9104,Kabupaten Nabire,Papua,2023,97.7
1518,9105,Kabupaten Kepulauan Yapen,Papua,2023,89.5
1519,9106,Kabupaten Biak Namfor,Papua,2023,72.8
1520,9108,Kabupaten Paniai,Papua,2023,88.3
1521,9107,Kabupaten Puncak Jaya,Papua,2023,75.4
1522,9109,Kabupaten Mimika,Papua,2023,84
1523,9116,Kabupaten Boven Digoel,Papua,2023,78.9
1524,9117,Kabupaten Mappi,Papua,2023,76.7
1525,9118,Kabupaten Asmat,Papua,2023,81.1
1526,9113,Kabupaten Yahukimo,Papua,2023,87.8
1527,9112,Kabupaten Pegunungan Bintang,Papua,2023,85.5
1528,9114,Kabupaten Tolikara,Papua,2023,107.6
1529,9110,Kabupaten Sarmi,Papua,2023,90.2
1530,9111,Kabupaten Keerom,Papua,2023,75.4
1531,9115,Kabupaten Waropen,Papua,2023,83
1532,9119,Kabupaten Supiori,Papua,2023,100.3
1533,9120,Kabupaten Mamberamo Raya,Papua,2023,89.3
1534,9124,Kabupaten Nduga,Papua,2023,84.1
1535,9123,Kabupaten Lanny Jaya,Papua,2023,130.2
1536,9121,Kabupaten Mamberamo Tengah,Papua,2023,99
1537,9122,Kabupaten Yalimo,Papua,2023,104.8
1538,9125,Kabupaten Puncak,Papua,2023,77.1
1539,9126,Kabupaten Dogiyai,Papua,2023,80.3
1540,9127,Kabupaten Intan Jaya,Papua,2023,83.1
1541,9128,Kabupaten Deiyai,Papua,2023,85
1542,9171,Kota Jayapura,Papua,2023,94.1
