No,Kode Wilayah,Kabupaten_Kota,Provinsi,Tahun,Konsumsi_Energi 
1,1109,Kabupaten Simeulue,Aceh,2021,1876
2,1110,Kabupaten Aceh Singkil,Aceh,2021,2228
3,1101,Kabupaten Aceh Selatan,Aceh,2021,2232
4,1102,Kabupaten Aceh Tenggara,Aceh,2021,2154
5,1103,Kabupaten Aceh Timur,Aceh,2021,2115
6,1104,Kabupaten Aceh Tengah,Aceh,2021,2349
7,1105,Kabupaten Aceh Barat,Aceh,2021,2467
8,1106,Kabupaten Aceh Besar,Aceh,2021,2044
9,1107,Kabupaten Pidie,Aceh,2021,2307
10,1111,Kabupaten Bireuen,Aceh,2021,2216
11,1108,Kabupaten Aceh Utara,Aceh,2021,1937
12,1112,Kabupaten Aceh Barat Daya,Aceh,2021,2173
13,1113,Kabupaten Gayo Lues,Aceh,2021,2734
14,1116,Kabupaten Aceh Tamiang,Aceh,2021,1997
15,1115,Kabupaten Nagan Raya,Aceh,2021,2544
16,1114,Kabupaten Aceh Jaya,Aceh,2021,2410
17,1117,Kabupaten Bener Meriah,Aceh,2021,2306
18,1118,Kabupaten Pidie Jaya,Aceh,2021,2431
19,1171,Kota Banda Aceh,Aceh,2021,2028
20,1172,Kota Sabang,Aceh,2021,2077
21,1174,Kota Langsa,Aceh,2021,2039
22,1173,Kota Lhokseumawe,Aceh,2021,2047
23,1175,Kota Subulussalam,Aceh,2021,2120
24,1204,Kabupaten Nias,Sumatera Utara,2021,2043
25,1213,Kabupaten Mandailing Natal,Sumatera Utara,2021,2162
26,1203,Kabupaten Tapanuli Selatan,Sumatera Utara,2021,2249
27,1201,Kabupaten Tapanuli Tengah,Sumatera Utara,2021,2122
28,1202,Kabupaten Tapanuli Utara,Sumatera Utara,2021,2258
29,1212,Kabupaten Toba Samosir,Sumatera Utara,2021,2278
30,1210,Kabupaten Labuhan Batu,Sumatera Utara,2021,1894
31,1209,Kabupaten Asahan,Sumatera Utara,2021,2073
32,1208,Kabupaten Simalungun,Sumatera Utara,2021,2163
33,1211,Kabupaten Dairi,Sumatera Utara,2021,2222
34,1206,Kabupaten Karo,Sumatera Utara,2021,2479
35,1207,Kabupaten Deli Serdang,Sumatera Utara,2021,2109
36,1205,Kabupaten Langkat,Sumatera Utara,2021,2090
37,1214,Kabupaten Nias Selatan,Sumatera Utara,2021,2214
38,1216,Kabupaten Humbang Hasundutan,Sumatera Utara,2021,2299
39,1215,Kabupaten Pakpak Bharat,Sumatera Utara,2021,2279
40,1217,Kabupaten Samosir,Sumatera Utara,2021,2301
41,1218,Kabupaten Serdang Bedagai,Sumatera Utara,2021,2147
42,1219,Kabupaten Batu Bara,Sumatera Utara,2021,2147
43,1220,Kabupaten Padang Lawas Utara,Sumatera Utara,2021,2418
44,1221,Kabupaten Padang Lawas,Sumatera Utara,2021,2259
45,1222,Kabupaten Labuhan Batu Selatan,Sumatera Utara,2021,2260
46,1223,Kabupaten Labuhan Batu Utara,Sumatera Utara,2021,2152
47,1224,Kabupaten Nias Utara,Sumatera Utara,2021,2111
48,1225,Kabupaten Nias Barat,Sumatera Utara,2021,1993
49,1273,Kota Sibolga,Sumatera Utara,2021,1896
50,1274,Kota Tanjung Balai,Sumatera Utara,2021,2160
51,1272,Kota Pematang Siantar,Sumatera Utara,2021,2139
52,1276,Kota Tebing Tinggi,Sumatera Utara,2021,2148
53,1271,Kota Medan,Sumatera Utara,2021,2164
54,1275,Kota Binjai,Sumatera Utara,2021,1997
55,1277,Kota Padang Sidimpuan,Sumatera Utara,2021,2222
56,1278,Kota Gunungsitoli,Sumatera Utara,2021,2037
57,1309,Kabupaten Kepulauan Mentawai,Sumatera Barat,2021,2121
58,1301,Kabupaten Pesisir Selatan,Sumatera Barat,2021,2071
59,1302,Kabupaten Solok,Sumatera Barat,2021,2194
60,1303,Kabupaten Sijunjung,Sumatera Barat,2021,2184
61,1304,Kabupaten Tanah Datar,Sumatera Barat,2021,2147
62,1305,Kabupaten Padang Pariaman,Sumatera Barat,2021,2074
63,1306,Kabupaten Agam,Sumatera Barat,2021,2102
64,1307,Kabupaten Limapuluh Koto,Sumatera Barat,2021,2246
65,1308,Kabupaten Pasaman,Sumatera Barat,2021,2308
66,1311,Kabupaten Solok Selatan,Sumatera Barat,2021,2303
67,1310,Kabupaten Dharmas Raya,Sumatera Barat,2021,2149
68,1312,Kabupaten Pasaman Barat,Sumatera Barat,2021,2183
69,1371,Kota Padang,Sumatera Barat,2021,2053
70,1372,Kota Solok,Sumatera Barat,2021,2085
71,1373,Kota Sawah Lunto,Sumatera Barat,2021,2162
72,1374,Kota Padang Panjang,Sumatera Barat,2021,1910
73,1375,Kota Bukittinggi,Sumatera Barat,2021,2212
74,1376,Kota Payakumbuh,Sumatera Barat,2021,1990
75,1377,Kota Pariaman,Sumatera Barat,2021,2054
76,1409,Kabupaten Kuantan Sengingi,Riau,2021,2169
77,1402,Kabupaten Indragiri Hulu,Riau,2021,1982
78,1404,Kabupaten Indragiri Hilir,Riau,2021,2081
79,1405,Kabupaten Pelalawan,Riau,2021,2141
80,1408,Kabupaten Siak,Riau,2021,2124
81,1401,Kabupaten Kampar,Riau,2021,2062
82,1406,Kabupaten Rokan Hulu,Riau,2021,2177
83,1403,Kabupaten Bengkalis,Riau,2021,2022
84,1407,Kabupaten Rokan Hilir,Riau,2021,2164
85,1410,Kabupaten Kepulauan Meranti,Riau,2021,2044
86,1471,Kota Pekanbaru,Riau,2021,1989
87,1472,Kota Dumai,Riau,2021,2040
88,1501,Kabupaten Kerinci,Jambi,2021,1974
89,1502,Kabupaten Merangin,Jambi,2021,1995
90,1503,Kabupaten Sarolangun,Jambi,2021,1929
91,1504,Kabupaten Batang Hari,Jambi,2021,2243
92,1505,Kabupaten Muaro Jambi,Jambi,2021,2124
93,1507,Kabupaten Tanjung Jabung Timur,Jambi,2021,1998
94,1506,Kabupaten Tanjung Jabung Barat,Jambi,2021,2009
95,1509,Kabupaten Tebo,Jambi,2021,2280
96,1508,Kabupaten Bungo,Jambi,2021,2119
97,1571,Kota Jambi,Jambi,2021,2118
98,1572,Kota Sungai Penuh,Jambi,2021,2063
99,1601,Kabupaten Ogan Komering Ulu,Sumatera Selatan,2021,2119
100,1602,Kabupaten Ogan Komering Ilir,Sumatera Selatan,2021,2385
101,1603,Kabupaten Muara Enim,Sumatera Selatan,2021,2142
102,1604,Kabupaten Lahat,Sumatera Selatan,2021,2291
103,1605,Kabupaten Musi Rawas,Sumatera Selatan,2021,2153
104,1606,Kabupaten Musi Banyuasin,Sumatera Selatan,2021,2252
105,1607,Kabupaten Banyuasin,Sumatera Selatan,2021,2459
106,1609,Kabupaten Ogan Komering Ulu Selatan,Sumatera Selatan,2021,2083
107,1608,Kabupaten Ogan Komering Ulu Timur,Sumatera Selatan,2021,2336
108,1610,Kabupaten Ogan Ilir,Sumatera Selatan,2021,2182
109,1611,Kabupaten Empat Lawang,Sumatera Selatan,2021,2150
110,1612,Kabupaten Penukal Abab Lematang Ilir,Sumatera Selatan,2021,2178
111,1613,Kabupaten Musi Rawas Utara,Sumatera Selatan,2021,2194
112,1671,Kota Palembang,Sumatera Selatan,2021,2161
113,1674,Kota Prabumulih,Sumatera Selatan,2021,1871
114,1672,Kota Pagar Alam,Sumatera Selatan,2021,2224
115,1673,Kota Lubuklinggau,Sumatera Selatan,2021,2255
116,1701,Kabupaten Bengkulu Selatan,Bengkulu,2021,2114
117,1702,Kabupaten Rejang Lebong,Bengkulu,2021,2173
118,1703,Kabupaten Bengkulu Utara,Bengkulu,2021,2233
119,1704,Kabupaten Kaur,Bengkulu,2021,2374
120,1705,Kabupaten Seluma,Bengkulu,2021,2029
121,1706,Kabupaten Mukomuko,Bengkulu,2021,2088
122,1707,Kabupaten Lebong,Bengkulu,2021,2308
123,1708,Kabupaten Kepahiang,Bengkulu,2021,2233
124,1709,Kabupaten Bengkulu Tengah,Bengkulu,2021,2342
125,1771,Kota Bengkulu,Bengkulu,2021,1925
126,1804,Kabupaten Lampung Barat,Lampung,2021,2199
127,1806,Kabupaten Tanggamus,Lampung,2021,2066
128,1801,Kabupaten Lampung Selatan,Lampung,2021,2168
129,1807,Kabupaten Lampung Timur,Lampung,2021,2083
130,1802,Kabupaten Lampung Tengah,Lampung,2021,2232
131,1803,Kabupaten Lampung Utara,Lampung,2021,1930
132,1808,Kabupaten Way Kanan,Lampung,2021,2173
133,1805,Kabupaten Tulang Bawang,Lampung,2021,1893
134,1809,Kabupaten Pesawaran,Lampung,2021,2190
135,1810,Kabupaten Pringsewu,Lampung,2021,2151
136,1811,Kabupaten Mesuji,Lampung,2021,2025
137,1812,Kabupaten Tulang Bawang Barat,Lampung,2021,1811
138,1813,Kabupaten Pesisir Barat,Lampung,2021,2027
139,1871,Kota Bandar Lampung,Lampung,2021,2063
140,1872,Kota Metro,Lampung,2021,2075
141,1901,Kabupaten Bangka,Kep. Bangka Belitung,2021,2095
142,1902,Kabupaten Belitung,Kep. Bangka Belitung,2021,2133
143,1905,Kabupaten Bangka Barat,Kep. Bangka Belitung,2021,2226
144,1904,Kabupaten Bangka Tengah,Kep. Bangka Belitung,2021,2107
145,1903,Kabupaten Bangka Selatan,Kep. Bangka Belitung,2021,2101
146,1906,Kabupaten Belitung Timur,Kep. Bangka Belitung,2021,2143
147,1971,Kota Pangkal Pinang,Kep. Bangka Belitung,2021,1999
148,2102,Kabupaten Karimun,Kep. Riau,2021,2027
149,2101,Kabupaten Bintan,Kep. Riau,2021,2027
150,2103,Kabupaten Natuna,Kep. Riau,2021,2031
151,2104,Kabupaten Lingga,Kep. Riau,2021,2158
152,2105,Kabupaten Kepulauan Anambas,Kep. Riau,2021,1888
153,2171,Kota Batam,Kep. Riau,2021,2211
154,2172,Kota Tanjung Pinang,Kep. Riau,2021,2036
155,3101,Kabupaten Kepulauan Seribu,DKI Jakarta,2021,2035
156,3174,Kota Jakarta Selatan,DKI Jakarta,2021,2167
157,3175,Kota Jakarta Timur,DKI Jakarta,2021,2200
158,3171,Kota Jakarta Pusat,DKI Jakarta,2021,2252
159,3173,Kota Jakarta Barat,DKI Jakarta,2021,2227
160,3172,Kota Jakarta Utara,DKI Jakarta,2021,2313
161,3201,Kabupaten Bogor,Jawa Barat,2021,2128
162,3202,Kabupaten Sukabumi,Jawa Barat,2021,2377
163,3203,Kabupaten Cianjur,Jawa Barat,2021,2309
164,3204,Kabupaten Bandung,Jawa Barat,2021,2166
165,3205,Kabupaten Garut,Jawa Barat,2021,1996
166,3206,Kabupaten Tasikmalaya,Jawa Barat,2021,2116
167,3207,Kabupaten Ciamis,Jawa Barat,2021,2308
168,3208,Kabupaten Kuningan,Jawa Barat,2021,2435
169,3209,Kabupaten Cirebon,Jawa Barat,2021,2409
170,3210,Kabupaten Majalengka,Jawa Barat,2021,2369
171,3211,Kabupaten Sumedang,Jawa Barat,2021,2313
172,3212,Kabupaten Indramayu,Jawa Barat,2021,2542
173,3213,Kabupaten Subang,Jawa Barat,2021,2271
174,3214,Kabupaten Purwakarta,Jawa Barat,2021,2324
175,3215,Kabupaten Karawang,Jawa Barat,2021,2228
176,3216,Kabupaten Bekasi,Jawa Barat,2021,2183
177,3217,Kabupaten Bandung Barat,Jawa Barat,2021,2067
178,3218,Kabupaten Pangandaran,Jawa Barat,2021,2366
179,3271,Kota Bogor,Jawa Barat,2021,2089
180,3272,Kota Sukabumi,Jawa Barat,2021,2133
181,3273,Kota Bandung,Jawa Barat,2021,2160
182,3274,Kota Cirebon,Jawa Barat,2021,2054
183,3275,Kota Bekasi,Jawa Barat,2021,2179
184,3276,Kota Depok,Jawa Barat,2021,2096
185,3277,Kota Cimahi,Jawa Barat,2021,1981
186,3278,Kota Tasikmalaya,Jawa Barat,2021,2346
187,3279,Kota Banjar,Jawa Barat,2021,2414
188,3301,Kabupaten Cilacap,Jawa Tengah,2021,1911
189,3302,Kabupaten Banyumas,Jawa Tengah,2021,2208
190,3303,Kabupaten  Purbalingga,Jawa Tengah,2021,1871
191,3304,Kabupaten Banjarnegara,Jawa Tengah,2021,2101
192,3305,Kabupaten Kebumen,Jawa Tengah,2021,2056
193,3306,Kabupaten Purworejo,Jawa Tengah,2021,1993
194,3307,Kabupaten Wonosobo,Jawa Tengah,2021,1968
195,3308,Kabupaten Magelang,Jawa Tengah,2021,1957
196,3309,Kabupaten Boyolali,Jawa Tengah,2021,1920
197,3310,Kabupaten Klaten,Jawa Tengah,2021,1966
198,3311,Kabupaten Sukoharjo,Jawa Tengah,2021,1958
199,3312,Kabupaten Wonogiri,Jawa Tengah,2021,1961
200,3313,Kabupaten Karanganyar,Jawa Tengah,2021,1905
201,3314,Kabupaten Sragen,Jawa Tengah,2021,2103
202,3315,Kabupaten Grobogan,Jawa Tengah,2021,2105
203,3316,Kabupaten Blora,Jawa Tengah,2021,2152
204,3317,Kabupaten Rembang,Jawa Tengah,2021,2105
205,3318,Kabupaten Pati,Jawa Tengah,2021,2049
206,3319,Kabupaten Kudus,Jawa Tengah,2021,1942
207,3320,Kabupaten Jepara,Jawa Tengah,2021,1920
208,3321,Kabupaten Demak,Jawa Tengah,2021,2200
209,3322,Kabupaten Semarang,Jawa Tengah,2021,1999
210,3323,Kabupaten Temanggung,Jawa Tengah,2021,1851
211,3324,Kabupaten Kendal,Jawa Tengah,2021,2127
212,3325,Kabupaten Batang ,Jawa Tengah,2021,2205
213,3326,Kabupaten Pekalongan,Jawa Tengah,2021,2172
214,3327,Kabupaten Pemalang,Jawa Tengah,2021,2391
215,3328,Kabupaten Tegal,Jawa Tengah,2021,2232
216,3329,Kabupaten Brebes,Jawa Tengah,2021,2127
217,3371,Kota Magelang,Jawa Tengah,2021,1957
218,3372,Kota Surakarta,Jawa Tengah,2021,1989
219,3373,Kota Salatiga,Jawa Tengah,2021,2057
220,3374,Kota Semarang,Jawa Tengah,2021,2008
221,3375,Kota Pekalongan,Jawa Tengah,2021,2020
222,3376,Kota Tegal,Jawa Tengah,2021,2197
223,3401,Kabupaten Kulon Progo,DI Yogyakarta,2021,1990
224,3402,Kabupaten Bantul,DI Yogyakarta,2021,2092
225,3403,Kabupaten Gunung Kidul,DI Yogyakarta,2021,2184
226,3404,Kabupaten Sleman,DI Yogyakarta,2021,2291
227,3471,Kota Yogyakarta,DI Yogyakarta,2021,1933
228,3501,Kabupaten Pacitan,Jawa Timur,2021,2046
229,3502,Kabupaten Ponorogo,Jawa Timur,2021,2029
230,3503,Kabupaten Trenggalek,Jawa Timur,2021,2060
231,3504,Kabupaten Tulungagung,Jawa Timur,2021,2030
232,3505,Kabupaten Blitar,Jawa Timur,2021,2062
233,3506,Kabupaten Kediri,Jawa Timur,2021,2131
234,3507,Kabupaten Malang,Jawa Timur,2021,2008
235,3508,Kabupaten Lumajang,Jawa Timur,2021,2313
236,3509,Kabupaten Jember,Jawa Timur,2021,2247
237,3510,Kabupaten Banyuwangi,Jawa Timur,2021,2147
238,3511,Kabupaten Bondowoso,Jawa Timur,2021,2135
239,3512,Kabupaten Situbondo,Jawa Timur,2021,2182
240,3513,Kabupaten Probolinggo,Jawa Timur,2021,2068
241,3514,Kabupaten Pasuruan,Jawa Timur,2021,2220
242,3515,Kabupaten Sidoarjo,Jawa Timur,2021,2012
243,3516,Kabupaten Mojokerto,Jawa Timur,2021,2161
244,3517,Kabupaten Jombang,Jawa Timur,2021,2188
245,3518,Kabupaten Nganjuk,Jawa Timur,2021,2148
246,3519,Kabupaten Madiun,Jawa Timur,2021,2116
247,3520,Kabupaten Magetan,Jawa Timur,2021,2072
248,3521,Kabupaten Ngawi,Jawa Timur,2021,2198
249,3522,Kabupaten Bojonegoro,Jawa Timur,2021,2132
250,3523,Kabupaten Tuban,Jawa Timur,2021,2140
251,3524,Kabupaten Lamongan,Jawa Timur,2021,2186
252,3525,Kabupaten Gresik,Jawa Timur,2021,2101
253,3526,Kabupaten Bangkalan,Jawa Timur,2021,1928
254,3527,Kabupaten Sampang,Jawa Timur,2021,2012
255,3528,Kabupaten Pamekasan,Jawa Timur,2021,1852
256,3529,Kabupaten Sumenep,Jawa Timur,2021,2565
257,3571,Kota Kediri,Jawa Timur,2021,2114
258,3572,Kota Blitar,Jawa Timur,2021,2121
259,3573,Kota Malang,Jawa Timur,2021,1900
260,3574,Kota Probolinggo,Jawa Timur,2021,1999
261,3575,Kota Pasuruan,Jawa Timur,2021,2013
262,3576,Kota Mojokerto,Jawa Timur,2021,1953
263,3577,Kota Madiun,Jawa Timur,2021,2050
264,3578,Kota Surabaya,Jawa Timur,2021,2088
265,3579,Kota Batu,Jawa Timur,2021,1934
266,3601,Kabupaten Pandeglang,Banten,2021,2216
267,3602,Kabupaten Lebak,Banten,2021,2550
268,3603,Kabupaten Tangerang,Banten,2021,2292
269,3604,Kabupaten Serang,Banten,2021,2160
270,3671,Kota Tangerang,Banten,2021,2268
271,3672,Kota Cilegon,Banten,2021,2231
272,3673,Kota Serang,Banten,2021,2289
273,3674,Kota Tangerang Selatan,Banten,2021,2122
274,5101,Kabupaten Jembrana,Bali,2021,2350
275,5102,Kabupaten Tabanan,Bali,2021,2226
276,5103,Kabupaten Badung,Bali,2021,2086
277,5104,Kabupaten Gianyar,Bali,2021,2323
278,5105,Kabupaten Klungkung,Bali,2021,2250
279,5106,Kabupaten Bangli,Bali,2021,2260
280,5107,Kabupaten Karangasem,Bali,2021,2216
281,5108,Kabupaten Buleleng,Bali,2021,2226
282,5171,Kota Denpasar,Bali,2021,2101
283,5201,Kabupaten Lombok Barat,Nusa Tenggara Barat,2021,2468
284,5202,Kabupaten Lombok Tengah,Nusa Tenggara Barat,2021,2567
285,5203,Kabupaten Lombok Timur,Nusa Tenggara Barat,2021,2968
286,5204,Kabupaten Sumbawa,Nusa Tenggara Barat,2021,2304
287,5205,Kabupaten Dompu,Nusa Tenggara Barat,2021,2190
288,5206,Kabupaten Bima,Nusa Tenggara Barat,2021,2187
289,5207,Kabupaten Sumbawa Barat,Nusa Tenggara Barat,2021,2470
290,5208,Kabupaten Lombok Utara,Nusa Tenggara Barat,2021,2479
291,5271,Kota Mataram,Nusa Tenggara Barat,2021,2507
292,5272,Kota Bima,Nusa Tenggara Barat,2021,2190
293,5312,Kabupaten Sumba Barat,Nusa Tenggara Timur,2021,1913
294,5311,Kabupaten Sumba Timur,Nusa Tenggara Timur,2021,2058
295,5301,Kabupaten Kupang,Nusa Tenggara Timur,2021,1938
296,5302,Kabupaten Timor Tengah Selatan,Nusa Tenggara Timur,2021,1884
297,5303,Kabupaten Timor Tengah Utara,Nusa Tenggara Timur,2021,2033
298,5304,Kabupaten Belu,Nusa Tenggara Timur,2021,2062
299,5305,Kabupaten Alor,Nusa Tenggara Timur,2021,1864
300,5313,Kabupaten Lembata,Nusa Tenggara Timur,2021,1871
301,5306,Kabupaten Flores Timur,Nusa Tenggara Timur,2021,1910
302,5307,Kabupaten Sikka,Nusa Tenggara Timur,2021,1846
303,5308,Kabupaten Ende,Nusa Tenggara Timur,2021,2176
304,5309,Kabupaten Ngada,Nusa Tenggara Timur,2021,2207
305,5310,Kabupaten Manggarai,Nusa Tenggara Timur,2021,2255
306,5314,Kabupaten Rote Ndao,Nusa Tenggara Timur,2021,1875
307,5315,Kabupaten Manggarai Barat,Nusa Tenggara Timur,2021,2144
308,5317,Kabupaten Sumba Tengah,Nusa Tenggara Timur,2021,1842
309,5318,Kabupaten Sumba Barat Daya,Nusa Tenggara Timur,2021,2041
310,5316,Kabupaten Nagekeo,Nusa Tenggara Timur,2021,1984
311,5319,Kabupaten Manggarai Timur,Nusa Tenggara Timur,2021,2234
312,5320,Kabupaten Sabu Raijua,Nusa Tenggara Timur,2021,2172
313,5321,Kabupaten Malaka,Nusa Tenggara Timur,2021,1847
314,5371,Kota Kupang,Nusa Tenggara Timur,2021,2091
315,6101,Kabupaten Sambas,Kalimantan Barat,2021,2064
316,6107,Kabupaten Bengkayang,Kalimantan Barat,2021,1962
317,6108,Kabupaten Landak,Kalimantan Barat,2021,2039
318,6102,Kabupaten Mempawah,Kalimantan Barat,2021,1837
319,6103,Kabupaten Sanggau,Kalimantan Barat,2021,1923
320,6104,Kabupaten Ketapang,Kalimantan Barat,2021,1927
321,6105,Kabupaten Sintang,Kalimantan Barat,2021,1836
322,6106,Kabupaten Kapuas Hulu,Kalimantan Barat,2021,1886
323,6109,Kabupaten Sekadau,Kalimantan Barat,2021,1952
324,6110,Kabupaten Melawi,Kalimantan Barat,2021,1995
325,6111,Kabupaten Kayong Utara,Kalimantan Barat,2021,2069
326,6112,Kabupaten Kubu Raya,Kalimantan Barat,2021,1872
327,6171,Kota Pontianak,Kalimantan Barat,2021,1906
328,6172,Kota Singkawang,Kalimantan Barat,2021,2073
329,6201,Kabupaten Kotawaringin Barat,Kalimantan Tengah,2021,2357
330,6202,Kabupaten Kotawaringin Timur,Kalimantan Tengah,2021,2217
331,6203,Kabupaten Kapuas,Kalimantan Tengah,2021,2419
332,6204,Kabupaten Barito Selatan,Kalimantan Tengah,2021,2317
333,6205,Kabupaten Barito Utara,Kalimantan Tengah,2021,2097
334,6208,Kabupaten Sukamara,Kalimantan Tengah,2021,2247
335,6209,Kabupaten Lamandau,Kalimantan Tengah,2021,2340
336,6207,Kabupaten Seruyan,Kalimantan Tengah,2021,2229
337,6206,Kabupaten Katingan,Kalimantan Tengah,2021,2147
338,6211,Kabupaten Pulang Pisau,Kalimantan Tengah,2021,2302
339,6210,Kabupaten Gunung Mas,Kalimantan Tengah,2021,2089
340,6213,Kabupaten Barito Timur,Kalimantan Tengah,2021,2245
341,6212,Kabupaten Murung Raya,Kalimantan Tengah,2021,1940
342,6271,Kota Palangka Raya,Kalimantan Tengah,2021,2034
343,6301,Kabupaten Tanah Laut,Kalimantan Selatan,2021,2238
344,6302,Kabupaten Kota Baru,Kalimantan Selatan,2021,2161
345,6303,Kabupaten Banjar,Kalimantan Selatan,2021,2483
346,6304,Kabupaten Barito Kuala,Kalimantan Selatan,2021,2442
347,6305,Kabupaten Tapin,Kalimantan Selatan,2021,2438
348,6306,Hulu Sungai Selatan,Kalimantan Selatan,2021,2372
349,6307,Hulu Sungai Tengah,Kalimantan Selatan,2021,2303
350,6308,Hulu Sungai Utara,Kalimantan Selatan,2021,2213
351,6309,Kabupaten Tabalong,Kalimantan Selatan,2021,2278
352,6310,Kabupaten Tanah Bumbu,Kalimantan Selatan,2021,2228
353,6311,Kabupaten Balangan,Kalimantan Selatan,2021,2451
354,6371,Kota Banjarmasin,Kalimantan Selatan,2021,2200
355,6372,Kota Banjar Baru,Kalimantan Selatan,2021,2156
356,6401,Kabupaten Paser,Kalimantan Timur,2021,2112
357,6407,Kabupaten Kutai Barat,Kalimantan Timur,2021,1990
358,6402,Kabupaten Kutai Kertanegara,Kalimantan Timur,2021,1933
359,6408,Kabupaten Kutai Timur,Kalimantan Timur,2021,2132
360,6403,Kabupaten Berau,Kalimantan Timur,2021,2096
361,6409,Kabupaten Penajam Paser Utara,Kalimantan Timur,2021,2135
362,6411,Kabupaten Mahakam Ulu,Kalimantan Timur,2021,2029
363,6471,Kota Balikpapan,Kalimantan Timur,2021,1991
364,6472,Kota Samarinda,Kalimantan Timur,2021,1822
365,6474,Kota Bontang,Kalimantan Timur,2021,2097
366,6502,Kabupaten Malinau,Kalimantan Utara,2021,1841
367,6501,Kabupaten Bulungan,Kalimantan Utara,2021,2061
368,6504,Kabupaten Tana Tidung,Kalimantan Utara,2021,1978
369,6503,Kabupaten Nunukan,Kalimantan Utara,2021,2055
370,6571,Kota Tarakan,Kalimantan Utara,2021,2046
371,7101,Kabupaten Bolaang Mongondow,Sulawesi Utara,2021,2131
372,7102,Kabupaten Minahasa,Sulawesi Utara,2021,2126
373,7103,Kabupaten Kepulauan Sangihe,Sulawesi Utara,2021,1986
374,7104,Kabupaten Kepulauan Talaud,Sulawesi Utara,2021,1924
375,7105,Kabupaten Minahasa Selatan,Sulawesi Utara,2021,2339
376,7106,Kabupaten Minahasa Utara,Sulawesi Utara,2021,2212
377,7108,Kabupaten Bolaang Mongondow Utara,Sulawesi Utara,2021,2086
378,7109,Kabupaten Kep. Siau Tagulandang Biaro,Sulawesi Utara,2021,1787
379,7107,Kabupaten Minahasa Tenggara,Sulawesi Utara,2021,2249
380,7111,Kabupaten Bolaang Mongondow Selatan,Sulawesi Utara,2021,2055
381,7110,Kabupaten Bolaang Mongondow Timur,Sulawesi Utara,2021,2149
382,7171,Kota Manado,Sulawesi Utara,2021,1965
383,7172,Kota Bitung,Sulawesi Utara,2021,2191
384,7173,Kota Tomohon,Sulawesi Utara,2021,2218
385,7174,Kota Kotamobago,Sulawesi Utara,2021,2067
386,7207,Kabupaten Banggai Kepulauan,Sulawesi Tengah,2021,1960
387,7201,Kabupaten Banggai,Sulawesi Tengah,2021,1915
388,7206,Kabupaten Morowali,Sulawesi Tengah,2021,2153
389,7202,Kabupaten Poso,Sulawesi Tengah,2021,2204
390,7203,Kabupaten Donggala,Sulawesi Tengah,2021,2059
391,7204,Kabupaten Toli-Toli,Sulawesi Tengah,2021,1781
392,7205,Kabupaten Buol,Sulawesi Tengah,2021,1834
393,7208,Kabupaten Parigi Moutong,Sulawesi Tengah,2021,1958
394,7209,Kabupaten Tojo Una-Una,Sulawesi Tengah,2021,1850
395,7210,Kabupaten Sigi,Sulawesi Tengah,2021,2100
396,7211,Kabupaten Banggai Laut,Sulawesi Tengah,2021,2082
397,7212,Kabupaten Morowali Utara,Sulawesi Tengah,2021,2380
398,7271,Kota Palu,Sulawesi Tengah,2021,2042
399,7301,Kabupaten Selayar,Sulawesi Selatan,2021,2186
400,7302,Kabupaten Bulukumba,Sulawesi Selatan,2021,2183
401,7303,Kabupaten Bantaeng,Sulawesi Selatan,2021,2118
402,7304,Kabupaten Jeneponto,Sulawesi Selatan,2021,2280
403,7305,Kabupaten Takalar,Sulawesi Selatan,2021,2240
404,7306,Kabupaten Gowa,Sulawesi Selatan,2021,2110
405,7307,Kabupaten Sinjai,Sulawesi Selatan,2021,2369
406,7309,Kabupaten Maros,Sulawesi Selatan,2021,2022
407,7310,Kabupaten Pangkajene dan Kepulauan,Sulawesi Selatan,2021,2312
408,7311,Kabupaten Barru,Sulawesi Selatan,2021,2140
409,7308,Kabupaten Bone,Sulawesi Selatan,2021,2099
410,7312,Kabupaten Soppeng,Sulawesi Selatan,2021,2011
411,7313,Kabupaten Wajo,Sulawesi Selatan,2021,2186
412,7314,Kabupaten Sidenreng Rappang,Sulawesi Selatan,2021,2344
413,7315,Kabupaten Pinrang,Sulawesi Selatan,2021,1935
414,7316,Kabupaten Enrekang,Sulawesi Selatan,2021,2070
415,7317,Kabupaten Luwu,Sulawesi Selatan,2021,2113
416,7318,Kabupaten Tana Toraja,Sulawesi Selatan,2021,2012
417,7322,Kabupaten Luwu Utara,Sulawesi Selatan,2021,2128
418,7324,Kabupaten Luwu Timur,Sulawesi Selatan,2021,2170
419,7326,Kabupaten Toraja Utara,Sulawesi Selatan,2021,2136
420,7371,Kota Makasar,Sulawesi Selatan,2021,2145
421,7372,Kota Pare-Pare,Sulawesi Selatan,2021,2233
422,7373,Kota Palopo,Sulawesi Selatan,2021,1986
423,7404,Kabupaten Buton,Sulawesi Tenggara,2021,1974
424,7403,Kabupaten Muna,Sulawesi Tenggara,2021,1995
425,7402,Kabupaten Konawe,Sulawesi Tenggara,2021,1929
426,7401,Kabupaten Kolaka,Sulawesi Tenggara,2021,2243
427,7405,Kabupaten Konawe Selatan,Sulawesi Tenggara,2021,2124
428,7406,Kabupaten Bombana,Sulawesi Tenggara,2021,1998
429,7407,Kabupaten Wakatobi,Sulawesi Tenggara,2021,2009
430,7408,Kabupaten Kolaka Utara,Sulawesi Tenggara,2021,2280
431,7410,Kabupaten Buton Utara,Sulawesi Tenggara,2021,2119
432,7409,Kabupaten Konawe Utara,Sulawesi Tenggara,2021,2118
433,7411,Kabupaten Kolaka Timur,Sulawesi Tenggara,2021,2063
434,7412,Kabupaten Konawe Kepulauan,Sulawesi Tenggara,2021,1770
435,7413,Kabupaten Muna Barat,Sulawesi Tenggara,2021,2053
436,7414,Kabupaten Buton Tengah,Sulawesi Tenggara,2021,1935
437,7415,Kabupaten Buton Selatan,Sulawesi Tenggara,2021,1964
438,7471,Kota Kendari,Sulawesi Tenggara,2021,2034
439,7472,Kota Bau-Bau,Sulawesi Tenggara,2021,1837
440,7502,Kabupaten Boalemo,Gorontalo,2021,2083
441,7501,Kabupaten Gorontalo,Gorontalo,2021,2088
442,7504,Kabupaten Pohuwato,Gorontalo,2021,2014
443,7503,Kabupaten Bone Bolango,Gorontalo,2021,1875
444,7505,Kabupaten Gorontalo Utara,Gorontalo,2021,2099
445,7571,Kota Gorontalo,Gorontalo,2021,1864
446,7605,Kabupaten Majene,Sulawesi Barat,2021,2162
447,7604,Kabupaten Polewali Mandar,Sulawesi Barat,2021,2169
448,7603,Kabupaten Mamasa,Sulawesi Barat,2021,2150
449,7602,Kabupaten Mamuju,Sulawesi Barat,2021,1847
450,7601,Kabupaten Mamuju Utara,Sulawesi Barat,2021,2167
451,7606,Kabupaten Mamuju Tengah,Sulawesi Barat,2021,2186
452,8103,Kabupaten Kepulauan Tanimbar,Maluku,2021,1679
453,8102,Kabupaten Maluku Tenggara,Maluku,2021,1748
454,8101,Kabupaten Maluku Tengah,Maluku,2021,1936
455,8104,Kabupaten Buru,Maluku,2021,1875
456,8107,Kabupaten Kepulauan Aru,Maluku,2021,1716
457,8106,Kabupaten Seram Bagian Barat,Maluku,2021,1810
458,8105,Kabupaten Seram Bagian Timur,Maluku,2021,1794
459,8108,Kabupaten Maluku Barat Daya,Maluku,2021,1746
460,8109,Kabupaten Buru Selatan,Maluku,2021,1821
461,8171,Kota Ambon,Maluku,2021,2040
462,8172,Kota Tual,Maluku,2021,1645
463,8201,Kabupaten Halmahera Barat,Maluku Utara,2021,1826
464,8202,Kabupaten Halmahera Tengah,Maluku Utara,2021,1701
465,8205,Kabupaten Kepulauan Sula,Maluku Utara,2021,1751
466,8204,Kabupaten Halmahera Selatan,Maluku Utara,2021,1790
467,8203,Kabupaten Halmahera Utara,Maluku Utara,2021,1916
468,8206,Kabupaten Halmahera Timur,Maluku Utara,2021,1855
469,8207,Kabupaten Pulau Morotai,Maluku Utara,2021,1893
470,8208,Kabupaten Pulau Taliabu,Maluku Utara,2021,1745
471,8271,Kota Ternate,Maluku Utara,2021,1983
472,8272,Kota Tidore Kepulauan,Maluku Utara,2021,1935
473,9203,Kabupaten Fak-Fak,Papua Barat,2021,1972
474,9208,Kabupaten Kaimana,Papua Barat,2021,1741
475,9207,Kabupaten Teluk Wondama,Papua Barat,2021,1866
476,9206,Kabupaten Teluk Bintuni,Papua Barat,2021,1823
477,9202,Kabupaten Manokwari,Papua Barat,2021,1932
478,9204,Kabupaten Sorong Selatan,Papua Barat,2021,1786
479,9201,Kabupaten Sorong,Papua Barat,2021,2003
480,9205,Kabupaten Raja Ampat,Papua Barat,2021,1931
481,9209,Kabupaten Tambrauw,Papua Barat,2021,1760
482,9210,Kabupaten Maybrat,Papua Barat,2021,1847
483,9211,Kabupaten Manokwari Selatan,Papua Barat,2021,1838
484,9212,Kabupaten Pegunungan Arfak,Papua Barat,2021,1824
485,9271,Kota Sorong,Papua Barat,2021,1971
486,9101,Kabupaten Merauke,Papua,2021,1984
487,9102,Kabupaten Jayawijaya,Papua,2021,1774
488,9103,Kabupaten Jayapura,Papua,2021,1881
489,9104,Kabupaten Nabire,Papua,2021,2154
490,9105,Kabupaten Kepulauan Yapen,Papua,2021,1945
491,9106,Kabupaten Biak Namfor,Papua,2021,1834
492,9108,Kabupaten Paniai,Papua,2021,1631
493,9107,Kabupaten Puncak Jaya,Papua,2021,1527
494,9109,Kabupaten Mimika,Papua,2021,1973
495,9116,Kabupaten Boven Digoel,Papua,2021,1777
496,9117,Kabupaten Mappi,Papua,2021,1560
497,9118,Kabupaten Asmat,Papua,2021,1975
498,9113,Kabupaten Yahukimo,Papua,2021,1645
499,9112,Kabupaten Pegunungan Bintang,Papua,2021,1738
500,9114,Kabupaten Tolikara,Papua,2021,1845
501,9110,Kabupaten Sarmi,Papua,2021,1924
502,9111,Kabupaten Keerom,Papua,2021,1837
503,9115,Kabupaten Waropen,Papua,2021,2125
504,9119,Kabupaten Supiori,Papua,2021,2315
505,9120,Kabupaten Mamberamo Raya,Papua,2021,1965
506,9124,Kabupaten Nduga,Papua,2021,2379
507,9123,Kabupaten Lanny Jaya,Papua,2021,2625
508,9121,Kabupaten Mamberamo Tengah,Papua,2021,2019
509,9122,Kabupaten Yalimo,Papua,2021,2043
510,9125,Kabupaten Puncak,Papua,2021,1717
511,9126,Kabupaten Dogiyai,Papua,2021,1252
512,9127,Kabupaten Intan Jaya,Papua,2021,1578
513,9128,Kabupaten Deiyai,Papua,2021,1610
514,9171,Kota Jayapura,Papua,2021,1858
515,1109,Kabupaten Simeulue,Aceh,2022,2132
516,1110,Kabupaten Aceh Singkil,Aceh,2022,2028
517,1101,Kabupaten Aceh Selatan,Aceh,2022,2031
518,1102,Kabupaten Aceh Tenggara,Aceh,2022,2057
519,1103,Kabupaten Aceh Timur,Aceh,2022,2120
520,1104,Kabupaten Aceh Tengah,Aceh,2022,2117
521,1105,Kabupaten Aceh Barat,Aceh,2022,2215
522,1106,Kabupaten Aceh Besar,Aceh,2022,1826
523,1107,Kabupaten Pidie,Aceh,2022,2210
524,1111,Kabupaten Bireuen,Aceh,2022,2137
525,1108,Kabupaten Aceh Utara,Aceh,2022,1935
526,1112,Kabupaten Aceh Barat Daya,Aceh,2022,1986
527,1113,Kabupaten Gayo Lues,Aceh,2022,2460
528,1116,Kabupaten Aceh Tamiang,Aceh,2022,1939
529,1115,Kabupaten Nagan Raya,Aceh,2022,2505
530,1114,Kabupaten Aceh Jaya,Aceh,2022,2190
531,1117,Kabupaten Bener Meriah,Aceh,2022,2425
532,1118,Kabupaten Pidie Jaya,Aceh,2022,2357
533,1171,Kota Banda Aceh,Aceh,2022,1885
534,1172,Kota Sabang,Aceh,2022,2104
535,1174,Kota Langsa,Aceh,2022,1854
536,1173,Kota Lhokseumawe,Aceh,2022,1711
537,1175,Kota Subulussalam,Aceh,2022,2160
538,1204,Kabupaten Nias,Sumatera Utara,2022,2115
539,1213,Kabupaten Mandailing Natal,Sumatera Utara,2022,2252
540,1203,Kabupaten Tapanuli Selatan,Sumatera Utara,2022,2224
541,1201,Kabupaten Tapanuli Tengah,Sumatera Utara,2022,1965
542,1202,Kabupaten Tapanuli Utara,Sumatera Utara,2022,2242
543,1212,Kabupaten Toba Samosir,Sumatera Utara,2022,2272
544,1210,Kabupaten Labuhan Batu,Sumatera Utara,2022,2003
545,1209,Kabupaten Asahan,Sumatera Utara,2022,2051
546,1208,Kabupaten Simalungun,Sumatera Utara,2022,2049
547,1211,Kabupaten Dairi,Sumatera Utara,2022,2086
548,1206,Kabupaten Karo,Sumatera Utara,2022,2287
549,1207,Kabupaten Deli Serdang,Sumatera Utara,2022,2206
550,1205,Kabupaten Langkat,Sumatera Utara,2022,2092
551,1214,Kabupaten Nias Selatan,Sumatera Utara,2022,2183
552,1216,Kabupaten Humbang Hasundutan,Sumatera Utara,2022,2212
553,1215,Kabupaten Pakpak Bharat,Sumatera Utara,2022,2268
554,1217,Kabupaten Samosir,Sumatera Utara,2022,2155
555,1218,Kabupaten Serdang Bedagai,Sumatera Utara,2022,2259
556,1219,Kabupaten Batu Bara,Sumatera Utara,2022,1905
557,1220,Kabupaten Padang Lawas Utara,Sumatera Utara,2022,2009
558,1221,Kabupaten Padang Lawas,Sumatera Utara,2022,1949
559,1222,Kabupaten Labuhan Batu Selatan,Sumatera Utara,2022,1982
560,1223,Kabupaten Labuhan Batu Utara,Sumatera Utara,2022,201
561,1224,Kabupaten Nias Utara,Sumatera Utara,2022,2249
562,1225,Kabupaten Nias Barat,Sumatera Utara,2022,2044
563,1273,Kota Sibolga,Sumatera Utara,2022,1841
564,1274,Kota Tanjung Balai,Sumatera Utara,2022,2133
565,1272,Kota Pematang Siantar,Sumatera Utara,2022,191
566,1276,Kota Tebing Tinggi,Sumatera Utara,2022,2015
567,1271,Kota Medan,Sumatera Utara,2022,2109
568,1275,Kota Binjai,Sumatera Utara,2022,1958
569,1277,Kota Padang Sidimpuan,Sumatera Utara,2022,2071
570,1278,Kota Gunungsitoli,Sumatera Utara,2022,1907
571,1309,Kabupaten Kepulauan Mentawai,Sumatera Barat,2022,2118
572,1301,Kabupaten Pesisir Selatan,Sumatera Barat,2022,2036
573,1302,Kabupaten Solok,Sumatera Barat,2022,2292
574,1303,Kabupaten Sijunjung,Sumatera Barat,2022,2065
575,1304,Kabupaten Tanah Datar,Sumatera Barat,2022,2090
576,1305,Kabupaten Padang Pariaman,Sumatera Barat,2022,1995
577,1306,Kabupaten Agam,Sumatera Barat,2022,2106
578,1307,Kabupaten Limapuluh Koto,Sumatera Barat,2022,2262
579,1308,Kabupaten Pasaman,Sumatera Barat,2022,2317
580,1311,Kabupaten Solok Selatan,Sumatera Barat,2022,2225
581,1310,Kabupaten Dharmas Raya,Sumatera Barat,2022,1923
582,1312,Kabupaten Pasaman Barat,Sumatera Barat,2022,2413
583,1371,Kota Padang,Sumatera Barat,2022,2009
584,1372,Kota Solok,Sumatera Barat,2022,2131
585,1373,Kota Sawah Lunto,Sumatera Barat,2022,1951
586,1374,Kota Padang Panjang,Sumatera Barat,2022,1915
587,1375,Kota Bukittinggi,Sumatera Barat,2022,1838
588,1376,Kota Payakumbuh,Sumatera Barat,2022,1960
589,1377,Kota Pariaman,Sumatera Barat,2022,1844
590,1409,Kabupaten Kuantan Sengingi,Riau,2022,2042
591,1402,Kabupaten Indragiri Hulu,Riau,2022,1854
592,1404,Kabupaten Indragiri Hilir,Riau,2022,1929
593,1405,Kabupaten Pelalawan,Riau,2022,2144
594,1408,Kabupaten Siak,Riau,2022,2064
595,1401,Kabupaten Kampar,Riau,2022,2036
596,1406,Kabupaten Rokan Hulu,Riau,2022,2119
597,1403,Kabupaten Bengkalis,Riau,2022,1984
598,1407,Kabupaten Rokan Hilir,Riau,2022,2103
599,1410,Kabupaten Kepulauan Meranti,Riau,2022,1977
600,1471,Kota Pekanbaru,Riau,2022,1941
601,1472,Kota Dumai,Riau,2022,2119
602,1501,Kabupaten Kerinci,Jambi,2022,2053
603,1502,Kabupaten Merangin,Jambi,2022,1943
604,1503,Kabupaten Sarolangun,Jambi,2022,1996
605,1504,Kabupaten Batang Hari,Jambi,2022,1781
606,1505,Kabupaten Muaro Jambi,Jambi,2022,1915
607,1507,Kabupaten Tanjung Jabung Timur,Jambi,2022,1964
608,1506,Kabupaten Tanjung Jabung Barat,Jambi,2022,2040
609,1509,Kabupaten Tebo,Jambi,2022,2120
610,1508,Kabupaten Bungo,Jambi,2022,2061
611,1571,Kota Jambi,Jambi,2022,2076
612,1572,Kota Sungai Penuh,Jambi,2022,2022
613,1601,Kabupaten Ogan Komering Ulu,Sumatera Selatan,2022,2126
614,1602,Kabupaten Ogan Komering Ilir,Sumatera Selatan,2022,2334
615,1603,Kabupaten Muara Enim,Sumatera Selatan,2022,2113
616,1604,Kabupaten Lahat,Sumatera Selatan,2022,2324
617,1605,Kabupaten Musi Rawas,Sumatera Selatan,2022,2077
618,1606,Kabupaten Musi Banyuasin,Sumatera Selatan,2022,2073
619,1607,Kabupaten Banyuasin,Sumatera Selatan,2022,2409
620,1609,Kabupaten Ogan Komering Ulu Selatan,Sumatera Selatan,2022,1955
621,1608,Kabupaten Ogan Komering Ulu Timur,Sumatera Selatan,2022,2163
622,1610,Kabupaten Ogan Ilir,Sumatera Selatan,2022,2091
623,1611,Kabupaten Empat Lawang,Sumatera Selatan,2022,2233
624,1612,Kabupaten Penukal Abab Lematang Ilir,Sumatera Selatan,2022,2291
625,1613,Kabupaten Musi Rawas Utara,Sumatera Selatan,2022,2226
626,1671,Kota Palembang,Sumatera Selatan,2022,2167
627,1674,Kota Prabumulih,Sumatera Selatan,2022,1823
628,1672,Kota Pagar Alam,Sumatera Selatan,2022,2174
629,1673,Kota Lubuklinggau,Sumatera Selatan,2022,2143
630,1701,Kabupaten Bengkulu Selatan,Bengkulu,2022,2327
631,1702,Kabupaten Rejang Lebong,Bengkulu,2022,1976
632,1703,Kabupaten Bengkulu Utara,Bengkulu,2022,2043
633,1704,Kabupaten Kaur,Bengkulu,2022,2324
634,1705,Kabupaten Seluma,Bengkulu,2022,2067
635,1706,Kabupaten Mukomuko,Bengkulu,2022,2104
636,1707,Kabupaten Lebong,Bengkulu,2022,2269
637,1708,Kabupaten Kepahiang,Bengkulu,2022,1954
638,1709,Kabupaten Bengkulu Tengah,Bengkulu,2022,2050
639,1771,Kota Bengkulu,Bengkulu,2022,1853
640,1804,Kabupaten Lampung Barat,Lampung,2022,2096
641,1806,Kabupaten Tanggamus,Lampung,2022,2032
642,1801,Kabupaten Lampung Selatan,Lampung,2022,2024
643,1807,Kabupaten Lampung Timur,Lampung,2022,2079
644,1802,Kabupaten Lampung Tengah,Lampung,2022,2049
645,1803,Kabupaten Lampung Utara,Lampung,2022,1838
646,1808,Kabupaten Way Kanan,Lampung,2022,2122
647,1805,Kabupaten Tulang Bawang,Lampung,2022,1951
648,1809,Kabupaten Pesawaran,Lampung,2022,2065
649,1810,Kabupaten Pringsewu,Lampung,2022,2050
650,1811,Kabupaten Mesuji,Lampung,2022,1979
651,1812,Kabupaten Tulang Bawang Barat,Lampung,2022,1771
652,1813,Kabupaten Pesisir Barat,Lampung,2022,1916
653,1871,Kota Bandar Lampung,Lampung,2022,1938
654,1872,Kota Metro,Lampung,2022,1815
655,1901,Kabupaten Bangka,Kep. Bangka Belitung,2022,2039
656,1902,Kabupaten Belitung,Kep. Bangka Belitung,2022,2044
657,1905,Kabupaten Bangka Barat,Kep. Bangka Belitung,2022,1978
658,1904,Kabupaten Bangka Tengah,Kep. Bangka Belitung,2022,2093
659,1903,Kabupaten Bangka Selatan,Kep. Bangka Belitung,2022,2183
660,1906,Kabupaten Belitung Timur,Kep. Bangka Belitung,2022,2171
661,1971,Kota Pangkal Pinang,Kep. Bangka Belitung,2022,2011
662,2102,Kabupaten Karimun,Kep. Riau,2022,1824
663,2101,Kabupaten Bintan,Kep. Riau,2022,1999
664,2103,Kabupaten Natuna,Kep. Riau,2022,1871
665,2104,Kabupaten Lingga,Kep. Riau,2022,1970
666,2105,Kabupaten Kepulauan Anambas,Kep. Riau,2022,1911
667,2171,Kota Batam,Kep. Riau,2022,2105
668,2172,Kota Tanjung Pinang,Kep. Riau,2022,1728
669,3101,Kabupaten Kepulauan Seribu,DKI Jakarta,2022,2102
670,3174,Kota Jakarta Selatan,DKI Jakarta,2022,2099
671,3175,Kota Jakarta Timur,DKI Jakarta,2022,2186
672,3171,Kota Jakarta Pusat,DKI Jakarta,2022,2240
673,3173,Kota Jakarta Barat,DKI Jakarta,2022,2074
674,3172,Kota Jakarta Utara,DKI Jakarta,2022,2204
675,3201,Kabupaten Bogor,Jawa Barat,2022,2146
676,3202,Kabupaten Sukabumi,Jawa Barat,2022,2312
677,3203,Kabupaten Cianjur,Jawa Barat,2022,2085
678,3204,Kabupaten Bandung,Jawa Barat,2022,1921
679,3205,Kabupaten Garut,Jawa Barat,2022,2034
680,3206,Kabupaten Tasikmalaya,Jawa Barat,2022,2187
681,3207,Kabupaten Ciamis,Jawa Barat,2022,2270
682,3208,Kabupaten Kuningan,Jawa Barat,2022,2064
683,3209,Kabupaten Cirebon,Jawa Barat,2022,2272
684,3210,Kabupaten Majalengka,Jawa Barat,2022,2044
685,3211,Kabupaten Sumedang,Jawa Barat,2022,2232
686,3212,Kabupaten Indramayu,Jawa Barat,2022,2446
687,3213,Kabupaten Subang,Jawa Barat,2022,2106
688,3214,Kabupaten Purwakarta,Jawa Barat,2022,2134
689,3215,Kabupaten Karawang,Jawa Barat,2022,2133
690,3216,Kabupaten Bekasi,Jawa Barat,2022,2066
691,3217,Kabupaten Bandung Barat,Jawa Barat,2022,2155
692,3218,Kabupaten Pangandaran,Jawa Barat,2022,2259
693,3271,Kota Bogor,Jawa Barat,2022,1905
694,3272,Kota Sukabumi,Jawa Barat,2022,2009
695,3273,Kota Bandung,Jawa Barat,2022,1949
696,3274,Kota Cirebon,Jawa Barat,2022,1982
697,3275,Kota Bekasi,Jawa Barat,2022,2091
698,3276,Kota Depok,Jawa Barat,2022,2085
699,3277,Kota Cimahi,Jawa Barat,2022,1993
700,3278,Kota Tasikmalaya,Jawa Barat,2022,2181
701,3279,Kota Banjar,Jawa Barat,2022,2413
702,3301,Kabupaten Cilacap,Jawa Tengah,2022,2010
703,3302,Kabupaten Banyumas,Jawa Tengah,2022,2239
704,3303,Kabupaten  Purbalingga,Jawa Tengah,2022,1882
705,3304,Kabupaten Banjarnegara,Jawa Tengah,2022,2203
706,3305,Kabupaten Kebumen,Jawa Tengah,2022,2073
707,3306,Kabupaten Purworejo,Jawa Tengah,2022,1987
708,3307,Kabupaten Wonosobo,Jawa Tengah,2022,2139
709,3308,Kabupaten Magelang,Jawa Tengah,2022,2032
710,3309,Kabupaten Boyolali,Jawa Tengah,2022,1996
711,3310,Kabupaten Klaten,Jawa Tengah,2022,1936
712,3311,Kabupaten Sukoharjo,Jawa Tengah,2022,1946
713,3312,Kabupaten Wonogiri,Jawa Tengah,2022,2035
714,3313,Kabupaten Karanganyar,Jawa Tengah,2022,1922
715,3314,Kabupaten Sragen,Jawa Tengah,2022,2161
716,3315,Kabupaten Grobogan,Jawa Tengah,2022,1990
717,3316,Kabupaten Blora,Jawa Tengah,2022,2162
718,3317,Kabupaten Rembang,Jawa Tengah,2022,2203
719,3318,Kabupaten Pati,Jawa Tengah,2022,2133
720,3319,Kabupaten Kudus,Jawa Tengah,2022,1939
721,3320,Kabupaten Jepara,Jawa Tengah,2022,2066
722,3321,Kabupaten Demak,Jawa Tengah,2022,2059
723,3322,Kabupaten Semarang,Jawa Tengah,2022,2031
724,3323,Kabupaten Temanggung,Jawa Tengah,2022,1900
725,3324,Kabupaten Kendal,Jawa Tengah,2022,1979
726,3325,Kabupaten Batang ,Jawa Tengah,2022,2107
727,3326,Kabupaten Pekalongan,Jawa Tengah,2022,2180
728,3327,Kabupaten Pemalang,Jawa Tengah,2022,2262
729,3328,Kabupaten Tegal,Jawa Tengah,2022,2175
730,3329,Kabupaten Brebes,Jawa Tengah,2022,2302
731,3371,Kota Magelang,Jawa Tengah,2022,1796
732,3372,Kota Surakarta,Jawa Tengah,2022,1898
733,3373,Kota Salatiga,Jawa Tengah,2022,2166
734,3374,Kota Semarang,Jawa Tengah,2022,1983
735,3375,Kota Pekalongan,Jawa Tengah,2022,2037
736,3376,Kota Tegal,Jawa Tengah,2022,2136
737,3401,Kabupaten Kulon Progo,DI Yogyakarta,2022,1884
738,3402,Kabupaten Bantul,DI Yogyakarta,2022,2003
739,3403,Kabupaten Gunung Kidul,DI Yogyakarta,2022,1943
740,3404,Kabupaten Sleman,DI Yogyakarta,2022,2216
741,3471,Kota Yogyakarta,DI Yogyakarta,2022,1809
742,3501,Kabupaten Pacitan,Jawa Timur,2022,1976
743,3502,Kabupaten Ponorogo,Jawa Timur,2022,2318
744,3503,Kabupaten Trenggalek,Jawa Timur,2022,2302
745,3504,Kabupaten Tulungagung,Jawa Timur,2022,2079
746,3505,Kabupaten Blitar,Jawa Timur,2022,1904
747,3506,Kabupaten Kediri,Jawa Timur,2022,2063
748,3507,Kabupaten Malang,Jawa Timur,2022,1863
749,3508,Kabupaten Lumajang,Jawa Timur,2022,2299
750,3509,Kabupaten Jember,Jawa Timur,2022,2182
751,3510,Kabupaten Banyuwangi,Jawa Timur,2022,2082
752,3511,Kabupaten Bondowoso,Jawa Timur,2022,1926
753,3512,Kabupaten Situbondo,Jawa Timur,2022,2112
754,3513,Kabupaten Probolinggo,Jawa Timur,2022,2063
755,3514,Kabupaten Pasuruan,Jawa Timur,2022,2052
756,3515,Kabupaten Sidoarjo,Jawa Timur,2022,1906
757,3516,Kabupaten Mojokerto,Jawa Timur,2022,2483
758,3517,Kabupaten Jombang,Jawa Timur,2022,2437
759,3518,Kabupaten Nganjuk,Jawa Timur,2022,2332
760,3519,Kabupaten Madiun,Jawa Timur,2022,2030
761,3520,Kabupaten Magetan,Jawa Timur,2022,1994
762,3521,Kabupaten Ngawi,Jawa Timur,2022,1926
763,3522,Kabupaten Bojonegoro,Jawa Timur,2022,2287
764,3523,Kabupaten Tuban,Jawa Timur,2022,2565
765,3524,Kabupaten Lamongan,Jawa Timur,2022,2441
766,3525,Kabupaten Gresik,Jawa Timur,2022,1983
767,3526,Kabupaten Bangkalan,Jawa Timur,2022,1977
768,3527,Kabupaten Sampang,Jawa Timur,2022,1927
769,3528,Kabupaten Pamekasan,Jawa Timur,2022,1789
770,3529,Kabupaten Sumenep,Jawa Timur,2022,2772
771,3571,Kota Kediri,Jawa Timur,2022,2007
772,3572,Kota Blitar,Jawa Timur,2022,1904
773,3573,Kota Malang,Jawa Timur,2022,1859
774,3574,Kota Probolinggo,Jawa Timur,2022,1859
775,3575,Kota Pasuruan,Jawa Timur,2022,2025
776,3576,Kota Mojokerto,Jawa Timur,2022,1908
777,3577,Kota Madiun,Jawa Timur,2022,2038
778,3578,Kota Surabaya,Jawa Timur,2022,1974
779,3579,Kota Batu,Jawa Timur,2022,1833
780,3601,Kabupaten Pandeglang,Banten,2022,2327
781,3602,Kabupaten Lebak,Banten,2022,2682
782,3603,Kabupaten Tangerang,Banten,2022,2295
783,3604,Kabupaten Serang,Banten,2022,2149
784,3671,Kota Tangerang,Banten,2022,2284
785,3672,Kota Cilegon,Banten,2022,2078
786,3673,Kota Serang,Banten,2022,2162
787,3674,Kota Tangerang Selatan,Banten,2022,2031
788,5101,Kabupaten Jembrana,Bali,2022,2229
789,5102,Kabupaten Tabanan,Bali,2022,2192
790,5103,Kabupaten Badung,Bali,2022,2022
791,5104,Kabupaten Gianyar,Bali,2022,2246
792,5105,Kabupaten Klungkung,Bali,2022,2202
793,5106,Kabupaten Bangli,Bali,2022,2307
794,5107,Kabupaten Karangasem,Bali,2022,2081
795,5108,Kabupaten Buleleng,Bali,2022,2188
796,5171,Kota Denpasar,Bali,2022,2090
797,5201,Kabupaten Lombok Barat,Nusa Tenggara Barat,2022,2526
798,5202,Kabupaten Lombok Tengah,Nusa Tenggara Barat,2022,2454
799,5203,Kabupaten Lombok Timur,Nusa Tenggara Barat,2022,2827
800,5204,Kabupaten Sumbawa,Nusa Tenggara Barat,2022,2276
801,5205,Kabupaten Dompu,Nusa Tenggara Barat,2022,2292
802,5206,Kabupaten Bima,Nusa Tenggara Barat,2022,1959
803,5207,Kabupaten Sumbawa Barat,Nusa Tenggara Barat,2022,2415
804,5208,Kabupaten Lombok Utara,Nusa Tenggara Barat,2022,2522
805,5271,Kota Mataram,Nusa Tenggara Barat,2022,2586
806,5272,Kota Bima,Nusa Tenggara Barat,2022,1957
807,5312,Kabupaten Sumba Barat,Nusa Tenggara Timur,2022,1776
808,5311,Kabupaten Sumba Timur,Nusa Tenggara Timur,2022,1961
809,5301,Kabupaten Kupang,Nusa Tenggara Timur,2022,1877
810,5302,Kabupaten Timor Tengah Selatan,Nusa Tenggara Timur,2022,1876
811,5303,Kabupaten Timor Tengah Utara,Nusa Tenggara Timur,2022,1938
812,5304,Kabupaten Belu,Nusa Tenggara Timur,2022,2010
813,5305,Kabupaten Alor,Nusa Tenggara Timur,2022,1792
814,5313,Kabupaten Lembata,Nusa Tenggara Timur,2022,1886
815,5306,Kabupaten Flores Timur,Nusa Tenggara Timur,2022,2045
816,5307,Kabupaten Sikka,Nusa Tenggara Timur,2022,1813
817,5308,Kabupaten Ende,Nusa Tenggara Timur,2022,2148
818,5309,Kabupaten Ngada,Nusa Tenggara Timur,2022,2081
819,5310,Kabupaten Manggarai,Nusa Tenggara Timur,2022,2230
820,5314,Kabupaten Rote Ndao,Nusa Tenggara Timur,2022,1662
821,5315,Kabupaten Manggarai Barat,Nusa Tenggara Timur,2022,2049
822,5317,Kabupaten Sumba Tengah,Nusa Tenggara Timur,2022,1735
823,5318,Kabupaten Sumba Barat Daya,Nusa Tenggara Timur,2022,2071
824,5316,Kabupaten Nagekeo,Nusa Tenggara Timur,2022,1901
825,5319,Kabupaten Manggarai Timur,Nusa Tenggara Timur,2022,2177
826,5320,Kabupaten Sabu Raijua,Nusa Tenggara Timur,2022,2131
827,5321,Kabupaten Malaka,Nusa Tenggara Timur,2022,2241
828,5371,Kota Kupang,Nusa Tenggara Timur,2022,1865
829,6101,Kabupaten Sambas,Kalimantan Barat,2022,1927
830,6107,Kabupaten Bengkayang,Kalimantan Barat,2022,2052
831,6108,Kabupaten Landak,Kalimantan Barat,2022,2050
832,6102,Kabupaten Mempawah,Kalimantan Barat,2022,1769
833,6103,Kabupaten Sanggau,Kalimantan Barat,2022,1809
834,6104,Kabupaten Ketapang,Kalimantan Barat,2022,1798
835,6105,Kabupaten Sintang,Kalimantan Barat,2022,1926
836,6106,Kabupaten Kapuas Hulu,Kalimantan Barat,2022,2016
837,6109,Kabupaten Sekadau,Kalimantan Barat,2022,1989
838,6110,Kabupaten Melawi,Kalimantan Barat,2022,1934
839,6111,Kabupaten Kayong Utara,Kalimantan Barat,2022,2006
840,6112,Kabupaten Kubu Raya,Kalimantan Barat,2022,1780
841,6171,Kota Pontianak,Kalimantan Barat,2022,1839
842,6172,Kota Singkawang,Kalimantan Barat,2022,1949
843,6201,Kabupaten Kotawaringin Barat,Kalimantan Tengah,2022,2183
844,6202,Kabupaten Kotawaringin Timur,Kalimantan Tengah,2022,2044
845,6203,Kabupaten Kapuas,Kalimantan Tengah,2022,2237
846,6204,Kabupaten Barito Selatan,Kalimantan Tengah,2022,2260
847,6205,Kabupaten Barito Utara,Kalimantan Tengah,2022,1850
848,6208,Kabupaten Sukamara,Kalimantan Tengah,2022,2257
849,6209,Kabupaten Lamandau,Kalimantan Tengah,2022,2212
850,6207,Kabupaten Seruyan,Kalimantan Tengah,2022,2199
851,6206,Kabupaten Katingan,Kalimantan Tengah,2022,2137
852,6211,Kabupaten Pulang Pisau,Kalimantan Tengah,2022,2196
853,6210,Kabupaten Gunung Mas,Kalimantan Tengah,2022,1897
854,6213,Kabupaten Barito Timur,Kalimantan Tengah,2022,2301
855,6212,Kabupaten Murung Raya,Kalimantan Tengah,2022,1994
856,6271,Kota Palangka Raya,Kalimantan Tengah,2022,1938
857,6301,Kabupaten Tanah Laut,Kalimantan Selatan,2022,2244
858,6302,Kabupaten Kota Baru,Kalimantan Selatan,2022,2158
859,6303,Kabupaten Banjar,Kalimantan Selatan,2022,2222
860,6304,Kabupaten Barito Kuala,Kalimantan Selatan,2022,2215
861,6305,Kabupaten Tapin,Kalimantan Selatan,2022,2214
862,6306,Hulu Sungai Selatan,Kalimantan Selatan,2022,2305
863,6307,Hulu Sungai Tengah,Kalimantan Selatan,2022,2062
864,6308,Hulu Sungai Utara,Kalimantan Selatan,2022,2217
865,6309,Kabupaten Tabalong,Kalimantan Selatan,2022,2423
866,6310,Kabupaten Tanah Bumbu,Kalimantan Selatan,2022,2155
867,6311,Kabupaten Balangan,Kalimantan Selatan,2022,2344
868,6371,Kota Banjarmasin,Kalimantan Selatan,2022,2076
869,6372,Kota Banjar Baru,Kalimantan Selatan,2022,2086
870,6401,Kabupaten Paser,Kalimantan Timur,2022,2016
871,6407,Kabupaten Kutai Barat,Kalimantan Timur,2022,1836
872,6402,Kabupaten Kutai Kertanegara,Kalimantan Timur,2022,1922
873,6408,Kabupaten Kutai Timur,Kalimantan Timur,2022,1940
874,6403,Kabupaten Berau,Kalimantan Timur,2022,2013
875,6409,Kabupaten Penajam Paser Utara,Kalimantan Timur,2022,1904
876,6411,Kabupaten Mahakam Ulu,Kalimantan Timur,2022,1862
877,6471,Kota Balikpapan,Kalimantan Timur,2022,1865
878,6472,Kota Samarinda,Kalimantan Timur,2022,1899
879,6474,Kota Bontang,Kalimantan Timur,2022,1953
880,6502,Kabupaten Malinau,Kalimantan Utara,2022,1886
881,6501,Kabupaten Bulungan,Kalimantan Utara,2022,1827
882,6504,Kabupaten Tana Tidung,Kalimantan Utara,2022,1825
883,6503,Kabupaten Nunukan,Kalimantan Utara,2022,1976
884,6571,Kota Tarakan,Kalimantan Utara,2022,1775
885,7101,Kabupaten Bolaang Mongondow,Sulawesi Utara,2022,2150
886,7102,Kabupaten Minahasa,Sulawesi Utara,2022,2211
887,7103,Kabupaten Kepulauan Sangihe,Sulawesi Utara,2022,2043
888,7104,Kabupaten Kepulauan Talaud,Sulawesi Utara,2022,1939
889,7105,Kabupaten Minahasa Selatan,Sulawesi Utara,2022,2202
890,7106,Kabupaten Minahasa Utara,Sulawesi Utara,2022,2189
891,7108,Kabupaten Bolaang Mongondow Utara,Sulawesi Utara,2022,2113
892,7109,Kabupaten Kep. Siau Tagulandang Biaro,Sulawesi Utara,2022,1800
893,7107,Kabupaten Minahasa Tenggara,Sulawesi Utara,2022,2148
894,7111,Kabupaten Bolaang Mongondow Selatan,Sulawesi Utara,2022,2103
895,7110,Kabupaten Bolaang Mongondow Timur,Sulawesi Utara,2022,2326
896,7171,Kota Manado,Sulawesi Utara,2022,2199
897,7172,Kota Bitung,Sulawesi Utara,2022,2135
898,7173,Kota Tomohon,Sulawesi Utara,2022,2335
899,7174,Kota Kotamobago,Sulawesi Utara,2022,2030
900,7207,Kabupaten Banggai Kepulauan,Sulawesi Tengah,2022,2029
901,7201,Kabupaten Banggai,Sulawesi Tengah,2022,2058
902,7206,Kabupaten Morowali,Sulawesi Tengah,2022,2041
903,7202,Kabupaten Poso,Sulawesi Tengah,2022,2135
904,7203,Kabupaten Donggala,Sulawesi Tengah,2022,2148
905,7204,Kabupaten Toli-Toli,Sulawesi Tengah,2022,1784
906,7205,Kabupaten Buol,Sulawesi Tengah,2022,1687
907,7208,Kabupaten Parigi Moutong,Sulawesi Tengah,2022,1985
908,7209,Kabupaten Tojo Una-Una,Sulawesi Tengah,2022,1851
909,7210,Kabupaten Sigi,Sulawesi Tengah,2022,2147
910,7211,Kabupaten Banggai Laut,Sulawesi Tengah,2022,2321
911,7212,Kabupaten Morowali Utara,Sulawesi Tengah,2022,2164
912,7271,Kota Palu,Sulawesi Tengah,2022,1861
913,7301,Kabupaten Selayar,Sulawesi Selatan,2022,2155
914,7302,Kabupaten Bulukumba,Sulawesi Selatan,2022,2372
915,7303,Kabupaten Bantaeng,Sulawesi Selatan,2022,2079
916,7304,Kabupaten Jeneponto,Sulawesi Selatan,2022,2242
917,7305,Kabupaten Takalar,Sulawesi Selatan,2022,1967
918,7306,Kabupaten Gowa,Sulawesi Selatan,2022,2041
919,7307,Kabupaten Sinjai,Sulawesi Selatan,2022,2028
920,7309,Kabupaten Maros,Sulawesi Selatan,2022,2072
921,7310,Kabupaten Pangkajene dan Kepulauan,Sulawesi Selatan,2022,2732
922,7311,Kabupaten Barru,Sulawesi Selatan,2022,2067
923,7308,Kabupaten Bone,Sulawesi Selatan,2022,1980
924,7312,Kabupaten Soppeng,Sulawesi Selatan,2022,1979
925,7313,Kabupaten Wajo,Sulawesi Selatan,2022,1934
926,7314,Kabupaten Sidenreng Rappang,Sulawesi Selatan,2022,1980
927,7315,Kabupaten Pinrang,Sulawesi Selatan,2022,1724
928,7316,Kabupaten Enrekang,Sulawesi Selatan,2022,1853
929,7317,Kabupaten Luwu,Sulawesi Selatan,2022,2060
930,7318,Kabupaten Tana Toraja,Sulawesi Selatan,2022,1854
931,7322,Kabupaten Luwu Utara,Sulawesi Selatan,2022,2126
932,7324,Kabupaten Luwu Timur,Sulawesi Selatan,2022,2043
933,7326,Kabupaten Toraja Utara,Sulawesi Selatan,2022,1921
934,7371,Kota Makasar,Sulawesi Selatan,2022,2209
935,7372,Kota Pare-Pare,Sulawesi Selatan,2022,1905
936,7373,Kota Palopo,Sulawesi Selatan,2022,1775
937,7404,Kabupaten Buton,Sulawesi Tenggara,2022,2053
938,7403,Kabupaten Muna,Sulawesi Tenggara,2022,1943
939,7402,Kabupaten Konawe,Sulawesi Tenggara,2022,1996
940,7401,Kabupaten Kolaka,Sulawesi Tenggara,2022,1781
941,7405,Kabupaten Konawe Selatan,Sulawesi Tenggara,2022,1915
942,7406,Kabupaten Bombana,Sulawesi Tenggara,2022,1964
943,7407,Kabupaten Wakatobi,Sulawesi Tenggara,2022,2040
944,7408,Kabupaten Kolaka Utara,Sulawesi Tenggara,2022,2120
945,7410,Kabupaten Buton Utara,Sulawesi Tenggara,2022,2061
946,7409,Kabupaten Konawe Utara,Sulawesi Tenggara,2022,2076
947,7411,Kabupaten Kolaka Timur,Sulawesi Tenggara,2022,2022
948,7412,Kabupaten Konawe Kepulauan,Sulawesi Tenggara,2022,1819
949,7413,Kabupaten Muna Barat,Sulawesi Tenggara,2022,1924
950,7414,Kabupaten Buton Tengah,Sulawesi Tenggara,2022,1874
951,7415,Kabupaten Buton Selatan,Sulawesi Tenggara,2022,1870
952,7471,Kota Kendari,Sulawesi Tenggara,2022,1895
953,7472,Kota Bau-Bau,Sulawesi Tenggara,2022,1745
954,7502,Kabupaten Boalemo,Gorontalo,2022,2120
955,7501,Kabupaten Gorontalo,Gorontalo,2022,1972
956,7504,Kabupaten Pohuwato,Gorontalo,2022,1890
957,7503,Kabupaten Bone Bolango,Gorontalo,2022,1860
958,7505,Kabupaten Gorontalo Utara,Gorontalo,2022,1996
959,7571,Kota Gorontalo,Gorontalo,2022,1911
960,7605,Kabupaten Majene,Sulawesi Barat,2022,1975
961,7604,Kabupaten Polewali Mandar,Sulawesi Barat,2022,2278
962,7603,Kabupaten Mamasa,Sulawesi Barat,2022,2049
963,7602,Kabupaten Mamuju,Sulawesi Barat,2022,1936
964,7601,Kabupaten Mamuju Utara,Sulawesi Barat,2022,2058
965,7606,Kabupaten Mamuju Tengah,Sulawesi Barat,2022,1989
966,8103,Kabupaten Kepulauan Tanimbar,Maluku,2022,1713
967,8102,Kabupaten Maluku Tenggara,Maluku,2022,1824
968,8101,Kabupaten Maluku Tengah,Maluku,2022,1961
969,8104,Kabupaten Buru,Maluku,2022,1727
970,8107,Kabupaten Kepulauan Aru,Maluku,2022,1705
971,8106,Kabupaten Seram Bagian Barat,Maluku,2022,1950
972,8105,Kabupaten Seram Bagian Timur,Maluku,2022,1849
973,8108,Kabupaten Maluku Barat Daya,Maluku,2022,1784
974,8109,Kabupaten Buru Selatan,Maluku,2022,1720
975,8171,Kota Ambon,Maluku,2022,1846
976,8172,Kota Tual,Maluku,2022,1726
977,8201,Kabupaten Halmahera Barat,Maluku Utara,2022,1883
978,8202,Kabupaten Halmahera Tengah,Maluku Utara,2022,1623
979,8205,Kabupaten Kepulauan Sula,Maluku Utara,2022,1740
980,8204,Kabupaten Halmahera Selatan,Maluku Utara,2022,1962
981,8203,Kabupaten Halmahera Utara,Maluku Utara,2022,1835
982,8206,Kabupaten Halmahera Timur,Maluku Utara,2022,1869
983,8207,Kabupaten Pulau Morotai,Maluku Utara,2022,1999
984,8208,Kabupaten Pulau Taliabu,Maluku Utara,2022,1915
985,8271,Kota Ternate,Maluku Utara,2022,1792
986,8272,Kota Tidore Kepulauan,Maluku Utara,2022,1722
987,9203,Kabupaten Fak-Fak,Papua Barat,2022,2140
988,9208,Kabupaten Kaimana,Papua Barat,2022,1870
989,9207,Kabupaten Teluk Wondama,Papua Barat,2022,1746
990,9206,Kabupaten Teluk Bintuni,Papua Barat,2022,1872
991,9202,Kabupaten Manokwari,Papua Barat,2022,1971
992,9204,Kabupaten Sorong Selatan,Papua Barat,2022,1527
993,9201,Kabupaten Sorong,Papua Barat,2022,2024
994,9205,Kabupaten Raja Ampat,Papua Barat,2022,1900
995,9209,Kabupaten Tambrauw,Papua Barat,2022,1814
996,9210,Kabupaten Maybrat,Papua Barat,2022,1715
997,9211,Kabupaten Manokwari Selatan,Papua Barat,2022,2025
998,9212,Kabupaten Pegunungan Arfak,Papua Barat,2022,1920
999,9271,Kota Sorong,Papua Barat,2022,1789
1000,9101,Kabupaten Merauke,Papua,2022,2046
1001,9102,Kabupaten Jayawijaya,Papua,2022,1941
1002,9103,Kabupaten Jayapura,Papua,2022,1901
1003,9104,Kabupaten Nabire,Papua,2022,1861
1004,9105,Kabupaten Kepulauan Yapen,Papua,2022,1731
1005,9106,Kabupaten Biak Namfor,Papua,2022,1415
1006,9108,Kabupaten Paniai,Papua,2022,1735
1007,9107,Kabupaten Puncak Jaya,Papua,2022,1902
1008,9109,Kabupaten Mimika,Papua,2022,1792
1009,9116,Kabupaten Boven Digoel,Papua,2022,1635
1010,9117,Kabupaten Mappi,Papua,2022,1469
1011,9118,Kabupaten Asmat,Papua,2022,1794
1012,9113,Kabupaten Yahukimo,Papua,2022,1469
1013,9112,Kabupaten Pegunungan Bintang,Papua,2022,1794
1014,9114,Kabupaten Tolikara,Papua,2022,1888
1015,9110,Kabupaten Sarmi,Papua,2022,1755
1016,9111,Kabupaten Keerom,Papua,2022,1590
1017,9115,Kabupaten Waropen,Papua,2022,1629
1018,9119,Kabupaten Supiori,Papua,2022,2151
1019,9120,Kabupaten Mamberamo Raya,Papua,2022,1646
1020,9124,Kabupaten Nduga,Papua,2022,2226
1021,9123,Kabupaten Lanny Jaya,Papua,2022,2860
1022,9121,Kabupaten Mamberamo Tengah,Papua,2022,1928
1023,9122,Kabupaten Yalimo,Papua,2022,1995
1024,9125,Kabupaten Puncak,Papua,2022,1709
1025,9126,Kabupaten Dogiyai,Papua,2022,1300
1026,9127,Kabupaten Intan Jaya,Papua,2022,1447
1027,9128,Kabupaten Deiyai,Papua,2022,1702
1028,9171,Kota Jayapura,Papua,2022,1856
1029,1109,Kabupaten Simeulue,Aceh,2023,2020
1030,1110,Kabupaten Aceh Singkil,Aceh,2023,2188
1031,1101,Kabupaten Aceh Selatan,Aceh,2023,1983
1032,1102,Kabupaten Aceh Tenggara,Aceh,2023,2166
1033,1103,Kabupaten Aceh Timur,Aceh,2023,2000
1034,1104,Kabupaten Aceh Tengah,Aceh,2023,2063
1035,1105,Kabupaten Aceh Barat,Aceh,2023,2051
1036,1106,Kabupaten Aceh Besar,Aceh,2023,1892
1037,1107,Kabupaten Pidie,Aceh,2023,2070
1038,1111,Kabupaten Bireuen,Aceh,2023,2095
1039,1108,Kabupaten Aceh Utara,Aceh,2023,1927
1040,1112,Kabupaten Aceh Barat Daya,Aceh,2023,2093
1041,1113,Kabupaten Gayo Lues,Aceh,2023,2418
1042,1116,Kabupaten Aceh Tamiang,Aceh,2023,1914
1043,1115,Kabupaten Nagan Raya,Aceh,2023,2996
1044,1114,Kabupaten Aceh Jaya,Aceh,2023,2250
1045,1117,Kabupaten Bener Meriah,Aceh,2023,2352
1046,1118,Kabupaten Pidie Jaya,Aceh,2023,2106
1047,1171,Kota Banda Aceh,Aceh,2023,1881
1048,1172,Kota Sabang,Aceh,2023,2097
1049,1174,Kota Langsa,Aceh,2023,1874
1050,1173,Kota Lhokseumawe,Aceh,2023,1873
1051,1175,Kota Subulussalam,Aceh,2023,2121
1052,1204,Kabupaten Nias,Sumatera Utara,2023,2184
1053,1213,Kabupaten Mandailing Natal,Sumatera Utara,2023,2289
1054,1203,Kabupaten Tapanuli Selatan,Sumatera Utara,2023,2214
1055,1201,Kabupaten Tapanuli Tengah,Sumatera Utara,2023,1911
1056,1202,Kabupaten Tapanuli Utara,Sumatera Utara,2023,2257
1057,1212,Kabupaten Toba Samosir,Sumatera Utara,2023,2367
1058,1210,Kabupaten Labuhan Batu,Sumatera Utara,2023,2065
1059,1209,Kabupaten Asahan,Sumatera Utara,2023,2007
1060,1208,Kabupaten Simalungun,Sumatera Utara,2023,2167
1061,1211,Kabupaten Dairi,Sumatera Utara,2023,2083
1062,1206,Kabupaten Karo,Sumatera Utara,2023,2345
1063,1207,Kabupaten Deli Serdang,Sumatera Utara,2023,2023
1064,1205,Kabupaten Langkat,Sumatera Utara,2023,2024
1065,1214,Kabupaten Nias Selatan,Sumatera Utara,2023,2132
1066,1216,Kabupaten Humbang Hasundutan,Sumatera Utara,2023,2285
1067,1215,Kabupaten Pakpak Bharat,Sumatera Utara,2023,231
1068,1217,Kabupaten Samosir,Sumatera Utara,2023,2308
1069,1218,Kabupaten Serdang Bedagai,Sumatera Utara,2023,2113
1070,1219,Kabupaten Batu Bara,Sumatera Utara,2023,1927
1071,1220,Kabupaten Padang Lawas Utara,Sumatera Utara,2023,2297
1072,1221,Kabupaten Padang Lawas,Sumatera Utara,2023,2141
1073,1222,Kabupaten Labuhan Batu Selatan,Sumatera Utara,2023,2047
1074,1223,Kabupaten Labuhan Batu Utara,Sumatera Utara,2023,2058
1075,1224,Kabupaten Nias Utara,Sumatera Utara,2023,2156
1076,1225,Kabupaten Nias Barat,Sumatera Utara,2023,2049
1077,1273,Kota Sibolga,Sumatera Utara,2023,1879
1078,1274,Kota Tanjung Balai,Sumatera Utara,2023,2139
1079,1272,Kota Pematang Siantar,Sumatera Utara,2023,2149
1080,1276,Kota Tebing Tinggi,Sumatera Utara,2023,2149
1081,1271,Kota Medan,Sumatera Utara,2023,2093
1082,1275,Kota Binjai,Sumatera Utara,2023,1909
1083,1277,Kota Padang Sidimpuan,Sumatera Utara,2023,2086
1084,1278,Kota Gunungsitoli,Sumatera Utara,2023,1756
1085,1309,Kabupaten Kepulauan Mentawai,Sumatera Barat,2023,2171
1086,1301,Kabupaten Pesisir Selatan,Sumatera Barat,2023,2115
1087,1302,Kabupaten Solok,Sumatera Barat,2023,2357
1088,1303,Kabupaten Sijunjung,Sumatera Barat,2023,2164
1089,1304,Kabupaten Tanah Datar,Sumatera Barat,2023,2082
1090,1305,Kabupaten Padang Pariaman,Sumatera Barat,2023,1911
1091,1306,Kabupaten Agam,Sumatera Barat,2023,2075
1092,1307,Kabupaten Limapuluh Koto,Sumatera Barat,2023,2272
1093,1308,Kabupaten Pasaman,Sumatera Barat,2023,2208
1094,1311,Kabupaten Solok Selatan,Sumatera Barat,2023,2325
1095,1310,Kabupaten Dharmas Raya,Sumatera Barat,2023,2009
1096,1312,Kabupaten Pasaman Barat,Sumatera Barat,2023,2071
1097,1371,Kota Padang,Sumatera Barat,2023,1940
1098,1372,Kota Solok,Sumatera Barat,2023,2092
1099,1373,Kota Sawah Lunto,Sumatera Barat,2023,2085
1100,1374,Kota Padang Panjang,Sumatera Barat,2023,1964
1101,1375,Kota Bukittinggi,Sumatera Barat,2023,1932
1102,1376,Kota Payakumbuh,Sumatera Barat,2023,2111
1103,1377,Kota Pariaman,Sumatera Barat,2023,1879
1104,1409,Kabupaten Kuantan Sengingi,Riau,2023,2048
1105,1402,Kabupaten Indragiri Hulu,Riau,2023,2073
1106,1404,Kabupaten Indragiri Hilir,Riau,2023,2048
1107,1405,Kabupaten Pelalawan,Riau,2023,2206
1108,1408,Kabupaten Siak,Riau,2023,2170
1109,1401,Kabupaten Kampar,Riau,2023,2025
1110,1406,Kabupaten Rokan Hulu,Riau,2023,2135
1111,1403,Kabupaten Bengkalis,Riau,2023,2120
1112,1407,Kabupaten Rokan Hilir,Riau,2023,1936
1113,1410,Kabupaten Kepulauan Meranti,Riau,2023,2085
1114,1471,Kota Pekanbaru,Riau,2023,1901
1115,1472,Kota Dumai,Riau,2023,2059
1116,1501,Kabupaten Kerinci,Jambi,2023,2355
1117,1502,Kabupaten Merangin,Jambi,2023,1888
1118,1503,Kabupaten Sarolangun,Jambi,2023,1978
1119,1504,Kabupaten Batang Hari,Jambi,2023,2130
1120,1505,Kabupaten Muaro Jambi,Jambi,2023,2105
1121,1507,Kabupaten Tanjung Jabung Timur,Jambi,2023,2317
1122,1506,Kabupaten Tanjung Jabung Barat,Jambi,2023,1956
1123,1509,Kabupaten Tebo,Jambi,2023,1994
1124,1508,Kabupaten Bungo,Jambi,2023,2058
1125,1571,Kota Jambi,Jambi,2023,1940
1126,1572,Kota Sungai Penuh,Jambi,2023,2017
1127,1601,Kabupaten Ogan Komering Ulu,Sumatera Selatan,2023,2065
1128,1602,Kabupaten Ogan Komering Ilir,Sumatera Selatan,2023,2291
1129,1603,Kabupaten Muara Enim,Sumatera Selatan,2023,2021
1130,1604,Kabupaten Lahat,Sumatera Selatan,2023,2514
1131,1605,Kabupaten Musi Rawas,Sumatera Selatan,2023,2206
1132,1606,Kabupaten Musi Banyuasin,Sumatera Selatan,2023,2154
1133,1607,Kabupaten Banyuasin,Sumatera Selatan,2023,2377
1134,1609,Kabupaten Ogan Komering Ulu Selatan,Sumatera Selatan,2023,2210
1135,1608,Kabupaten Ogan Komering Ulu Timur,Sumatera Selatan,2023,2043
1136,1610,Kabupaten Ogan Ilir,Sumatera Selatan,2023,2056
1137,1611,Kabupaten Empat Lawang,Sumatera Selatan,2023,2377
1138,1612,Kabupaten Penukal Abab Lematang Ilir,Sumatera Selatan,2023,2171
1139,1613,Kabupaten Musi Rawas Utara,Sumatera Selatan,2023,2221
1140,1671,Kota Palembang,Sumatera Selatan,2023,2174
1141,1674,Kota Prabumulih,Sumatera Selatan,2023,1954
1142,1672,Kota Pagar Alam,Sumatera Selatan,2023,2075
1143,1673,Kota Lubuklinggau,Sumatera Selatan,2023,2157
1144,1701,Kabupaten Bengkulu Selatan,Bengkulu,2023,3015
1145,1702,Kabupaten Rejang Lebong,Bengkulu,2023,2144
1146,1703,Kabupaten Bengkulu Utara,Bengkulu,2023,2033
1147,1704,Kabupaten Kaur,Bengkulu,2023,2194
1148,1705,Kabupaten Seluma,Bengkulu,2023,2088
1149,1706,Kabupaten Mukomuko,Bengkulu,2023,2003
1150,1707,Kabupaten Lebong,Bengkulu,2023,2327
1151,1708,Kabupaten Kepahiang,Bengkulu,2023,2137
1152,1709,Kabupaten Bengkulu Tengah,Bengkulu,2023,2101
1153,1771,Kota Bengkulu,Bengkulu,2023,1860
1154,1804,Kabupaten Lampung Barat,Lampung,2023,2259
1155,1806,Kabupaten Tanggamus,Lampung,2023,2249
1156,1801,Kabupaten Lampung Selatan,Lampung,2023,2078
1157,1807,Kabupaten Lampung Timur,Lampung,2023,2065
1158,1802,Kabupaten Lampung Tengah,Lampung,2023,2073
1159,1803,Kabupaten Lampung Utara,Lampung,2023,1837
1160,1808,Kabupaten Way Kanan,Lampung,2023,2216
1161,1805,Kabupaten Tulang Bawang,Lampung,2023,1952
1162,1809,Kabupaten Pesawaran,Lampung,2023,2256
1163,1810,Kabupaten Pringsewu,Lampung,2023,2140
1164,1811,Kabupaten Mesuji,Lampung,2023,2073
1165,1812,Kabupaten Tulang Bawang Barat,Lampung,2023,1882
1166,1813,Kabupaten Pesisir Barat,Lampung,2023,2073
1167,1871,Kota Bandar Lampung,Lampung,2023,1975
1168,1872,Kota Metro,Lampung,2023,1837
1169,1901,Kabupaten Bangka,Kep. Bangka Belitung,2023,2028
1170,1902,Kabupaten Belitung,Kep. Bangka Belitung,2023,2028
1171,1905,Kabupaten Bangka Barat,Kep. Bangka Belitung,2023,1943
1172,1904,Kabupaten Bangka Tengah,Kep. Bangka Belitung,2023,2140
1173,1903,Kabupaten Bangka Selatan,Kep. Bangka Belitung,2023,2158
1174,1906,Kabupaten Belitung Timur,Kep. Bangka Belitung,2023,2155
1175,1971,Kota Pangkal Pinang,Kep. Bangka Belitung,2023,2019
1176,2102,Kabupaten Karimun,Kep. Riau,2023,1987
1177,2101,Kabupaten Bintan,Kep. Riau,2023,2049
1178,2103,Kabupaten Natuna,Kep. Riau,2023,2132
1179,2104,Kabupaten Lingga,Kep. Riau,2023,1971
1180,2105,Kabupaten Kepulauan Anambas,Kep. Riau,2023,1996
1181,2171,Kota Batam,Kep. Riau,2023,2048
1182,2172,Kota Tanjung Pinang,Kep. Riau,2023,2121
1183,3101,Kabupaten Kepulauan Seribu,DKI Jakarta,2023,2073
1184,3174,Kota Jakarta Selatan,DKI Jakarta,2023,2162
1185,3175,Kota Jakarta Timur,DKI Jakarta,2023,2187
1186,3171,Kota Jakarta Pusat,DKI Jakarta,2023,2101
1187,3173,Kota Jakarta Barat,DKI Jakarta,2023,1975
1188,3172,Kota Jakarta Utara,DKI Jakarta,2023,2398
1189,3201,Kabupaten Bogor,Jawa Barat,2023,1962
1190,3202,Kabupaten Sukabumi,Jawa Barat,2023,2370
1191,3203,Kabupaten Cianjur,Jawa Barat,2023,2228
1192,3204,Kabupaten Bandung,Jawa Barat,2023,1957
1193,3205,Kabupaten Garut,Jawa Barat,2023,2130
1194,3206,Kabupaten Tasikmalaya,Jawa Barat,2023,2047
1195,3207,Kabupaten Ciamis,Jawa Barat,2023,2258
1196,3208,Kabupaten Kuningan,Jawa Barat,2023,2052
1197,3209,Kabupaten Cirebon,Jawa Barat,2023,1980
1198,3210,Kabupaten Majalengka,Jawa Barat,2023,2162
1199,3211,Kabupaten Sumedang,Jawa Barat,2023,2243
1200,3212,Kabupaten Indramayu,Jawa Barat,2023,2430
1201,3213,Kabupaten Subang,Jawa Barat,2023,2172
1202,3214,Kabupaten Purwakarta,Jawa Barat,2023,2222
1203,3215,Kabupaten Karawang,Jawa Barat,2023,2189
1204,3216,Kabupaten Bekasi,Jawa Barat,2023,2033
1205,3217,Kabupaten Bandung Barat,Jawa Barat,2023,2061
1206,3218,Kabupaten Pangandaran,Jawa Barat,2023,2282
1207,3271,Kota Bogor,Jawa Barat,2023,2068
1208,3272,Kota Sukabumi,Jawa Barat,2023,2104
1209,3273,Kota Bandung,Jawa Barat,2023,2019
1210,3274,Kota Cirebon,Jawa Barat,2023,1980
1211,3275,Kota Bekasi,Jawa Barat,2023,2055
1212,3276,Kota Depok,Jawa Barat,2023,2007
1213,3277,Kota Cimahi,Jawa Barat,2023,1993
1214,3278,Kota Tasikmalaya,Jawa Barat,2023,2416
1215,3279,Kota Banjar,Jawa Barat,2023,2477
1216,3301,Kabupaten Cilacap,Jawa Tengah,2023,2062
1217,3302,Kabupaten Banyumas,Jawa Tengah,2023,2048
1218,3303,Kabupaten  Purbalingga,Jawa Tengah,2023,1948
1219,3304,Kabupaten Banjarnegara,Jawa Tengah,2023,2073
1220,3305,Kabupaten Kebumen,Jawa Tengah,2023,2027
1221,3306,Kabupaten Purworejo,Jawa Tengah,2023,1866
1222,3307,Kabupaten Wonosobo,Jawa Tengah,2023,2176
1223,3308,Kabupaten Magelang,Jawa Tengah,2023,1938
1224,3309,Kabupaten Boyolali,Jawa Tengah,2023,1886
1225,3310,Kabupaten Klaten,Jawa Tengah,2023,1831
1226,3311,Kabupaten Sukoharjo,Jawa Tengah,2023,1837
1227,3312,Kabupaten Wonogiri,Jawa Tengah,2023,2081
1228,3313,Kabupaten Karanganyar,Jawa Tengah,2023,1873
1229,3314,Kabupaten Sragen,Jawa Tengah,2023,2108
1230,3315,Kabupaten Grobogan,Jawa Tengah,2023,2161
1231,3316,Kabupaten Blora,Jawa Tengah,2023,2091
1232,3317,Kabupaten Rembang,Jawa Tengah,2023,2194
1233,3318,Kabupaten Pati,Jawa Tengah,2023,2139
1234,3319,Kabupaten Kudus,Jawa Tengah,2023,1900
1235,3320,Kabupaten Jepara,Jawa Tengah,2023,1955
1236,3321,Kabupaten Demak,Jawa Tengah,2023,2034
1237,3322,Kabupaten Semarang,Jawa Tengah,2023,1987
1238,3323,Kabupaten Temanggung,Jawa Tengah,2023,1981
1239,3324,Kabupaten Kendal,Jawa Tengah,2023,2072
1240,3325,Kabupaten Batang ,Jawa Tengah,2023,2072
1241,3326,Kabupaten Pekalongan,Jawa Tengah,2023,2219
1242,3327,Kabupaten Pemalang,Jawa Tengah,2023,2263
1243,3328,Kabupaten Tegal,Jawa Tengah,2023,2030
1244,3329,Kabupaten Brebes,Jawa Tengah,2023,2215
1245,3371,Kota Magelang,Jawa Tengah,2023,1705
1246,3372,Kota Surakarta,Jawa Tengah,2023,1901
1247,3373,Kota Salatiga,Jawa Tengah,2023,1894
1248,3374,Kota Semarang,Jawa Tengah,2023,1769
1249,3375,Kota Pekalongan,Jawa Tengah,2023,2071
1250,3376,Kota Tegal,Jawa Tengah,2023,2146
1251,3401,Kabupaten Kulon Progo,DI Yogyakarta,2023,1921
1252,3402,Kabupaten Bantul,DI Yogyakarta,2023,2043
1253,3403,Kabupaten Gunung Kidul,DI Yogyakarta,2023,2092
1254,3404,Kabupaten Sleman,DI Yogyakarta,2023,2132
1255,3471,Kota Yogyakarta,DI Yogyakarta,2023,1914
1256,3501,Kabupaten Pacitan,Jawa Timur,2023,2134
1257,3502,Kabupaten Ponorogo,Jawa Timur,2023,1998
1258,3503,Kabupaten Trenggalek,Jawa Timur,2023,2045
1259,3504,Kabupaten Tulungagung,Jawa Timur,2023,1954
1260,3505,Kabupaten Blitar,Jawa Timur,2023,1942
1261,3506,Kabupaten Kediri,Jawa Timur,2023,2118
1262,3507,Kabupaten Malang,Jawa Timur,2023,1967
1263,3508,Kabupaten Lumajang,Jawa Timur,2023,2365
1264,3509,Kabupaten Jember,Jawa Timur,2023,2136
1265,3510,Kabupaten Banyuwangi,Jawa Timur,2023,2156
1266,3511,Kabupaten Bondowoso,Jawa Timur,2023,2046
1267,3512,Kabupaten Situbondo,Jawa Timur,2023,2139
1268,3513,Kabupaten Probolinggo,Jawa Timur,2023,2027
1269,3514,Kabupaten Pasuruan,Jawa Timur,2023,2132
1270,3515,Kabupaten Sidoarjo,Jawa Timur,2023,1907
1271,3516,Kabupaten Mojokerto,Jawa Timur,2023,2122
1272,3517,Kabupaten Jombang,Jawa Timur,2023,2010
1273,3518,Kabupaten Nganjuk,Jawa Timur,2023,2126
1274,3519,Kabupaten Madiun,Jawa Timur,2023,2070
1275,3520,Kabupaten Magetan,Jawa Timur,2023,2012
1276,3521,Kabupaten Ngawi,Jawa Timur,2023,2057
1277,3522,Kabupaten Bojonegoro,Jawa Timur,2023,2160
1278,3523,Kabupaten Tuban,Jawa Timur,2023,2165
1279,3524,Kabupaten Lamongan,Jawa Timur,2023,2237
1280,3525,Kabupaten Gresik,Jawa Timur,2023,1974
1281,3526,Kabupaten Bangkalan,Jawa Timur,2023,1964
1282,3527,Kabupaten Sampang,Jawa Timur,2023,1971
1283,3528,Kabupaten Pamekasan,Jawa Timur,2023,1896
1284,3529,Kabupaten Sumenep,Jawa Timur,2023,2832
1285,3571,Kota Kediri,Jawa Timur,2023,1984
1286,3572,Kota Blitar,Jawa Timur,2023,1876
1287,3573,Kota Malang,Jawa Timur,2023,1826
1288,3574,Kota Probolinggo,Jawa Timur,2023,1855
1289,3575,Kota Pasuruan,Jawa Timur,2023,2049
1290,3576,Kota Mojokerto,Jawa Timur,2023,1896
1291,3577,Kota Madiun,Jawa Timur,2023,2043
1292,3578,Kota Surabaya,Jawa Timur,2023,1990
1293,3579,Kota Batu,Jawa Timur,2023,1905
1294,3601,Kabupaten Pandeglang,Banten,2023,2239
1295,3602,Kabupaten Lebak,Banten,2023,2479
1296,3603,Kabupaten Tangerang,Banten,2023,2130
1297,3604,Kabupaten Serang,Banten,2023,2206
1298,3671,Kota Tangerang,Banten,2023,2368
1299,3672,Kota Cilegon,Banten,2023,2046
1300,3673,Kota Serang,Banten,2023,2163
1301,3674,Kota Tangerang Selatan,Banten,2023,2008
1302,5101,Kabupaten Jembrana,Bali,2023,2383
1303,5102,Kabupaten Tabanan,Bali,2023,2274
1304,5103,Kabupaten Badung,Bali,2023,2233
1305,5104,Kabupaten Gianyar,Bali,2023,2330
1306,5105,Kabupaten Klungkung,Bali,2023,2485
1307,5106,Kabupaten Bangli,Bali,2023,2402
1308,5107,Kabupaten Karangasem,Bali,2023,2134
1309,5108,Kabupaten Buleleng,Bali,2023,2294
1310,5171,Kota Denpasar,Bali,2023,2177
1311,5201,Kabupaten Lombok Barat,Nusa Tenggara Barat,2023,2495
1312,5202,Kabupaten Lombok Tengah,Nusa Tenggara Barat,2023,2471
1313,5203,Kabupaten Lombok Timur,Nusa Tenggara Barat,2023,2884
1314,5204,Kabupaten Sumbawa,Nusa Tenggara Barat,2023,2215
1315,5205,Kabupaten Dompu,Nusa Tenggara Barat,2023,2183
1316,5206,Kabupaten Bima,Nusa Tenggara Barat,2023,2131
1317,5207,Kabupaten Sumbawa Barat,Nusa Tenggara Barat,2023,2358
1318,5208,Kabupaten Lombok Utara,Nusa Tenggara Barat,2023,2597
1319,5271,Kota Mataram,Nusa Tenggara Barat,2023,2476
1320,5272,Kota Bima,Nusa Tenggara Barat,2023,1965
1321,5312,Kabupaten Sumba Barat,Nusa Tenggara Timur,2023,1924
1322,5311,Kabupaten Sumba Timur,Nusa Tenggara Timur,2023,1974
1323,5301,Kabupaten Kupang,Nusa Tenggara Timur,2023,1866
1324,5302,Kabupaten Timor Tengah Selatan,Nusa Tenggara Timur,2023,1863
1325,5303,Kabupaten Timor Tengah Utara,Nusa Tenggara Timur,2023,1945
1326,5304,Kabupaten Belu,Nusa Tenggara Timur,2023,1910
1327,5305,Kabupaten Alor,Nusa Tenggara Timur,2023,1791
1328,5313,Kabupaten Lembata,Nusa Tenggara Timur,2023,1891
1329,5306,Kabupaten Flores Timur,Nusa Tenggara Timur,2023,2116
1330,5307,Kabupaten Sikka,Nusa Tenggara Timur,2023,1753
1331,5308,Kabupaten Ende,Nusa Tenggara Timur,2023,2212
1332,5309,Kabupaten Ngada,Nusa Tenggara Timur,2023,2015
1333,5310,Kabupaten Manggarai,Nusa Tenggara Timur,2023,2172
1334,5314,Kabupaten Rote Ndao,Nusa Tenggara Timur,2023,1579
1335,5315,Kabupaten Manggarai Barat,Nusa Tenggara Timur,2023,2006
1336,5317,Kabupaten Sumba Tengah,Nusa Tenggara Timur,2023,1852
1337,5318,Kabupaten Sumba Barat Daya,Nusa Tenggara Timur,2023,1896
1338,5316,Kabupaten Nagekeo,Nusa Tenggara Timur,2023,1775
1339,5319,Kabupaten Manggarai Timur,Nusa Tenggara Timur,2023,2219
1340,5320,Kabupaten Sabu Raijua,Nusa Tenggara Timur,2023,2095
1341,5321,Kabupaten Malaka,Nusa Tenggara Timur,2023,2041
1342,5371,Kota Kupang,Nusa Tenggara Timur,2023,1768
1343,6101,Kabupaten Sambas,Kalimantan Barat,2023,2065
1344,6107,Kabupaten Bengkayang,Kalimantan Barat,2023,2069
1345,6108,Kabupaten Landak,Kalimantan Barat,2023,2174
1346,6102,Kabupaten Mempawah,Kalimantan Barat,2023,1948
1347,6103,Kabupaten Sanggau,Kalimantan Barat,2023,1677
1348,6104,Kabupaten Ketapang,Kalimantan Barat,2023,1858
1349,6105,Kabupaten Sintang,Kalimantan Barat,2023,1900
1350,6106,Kabupaten Kapuas Hulu,Kalimantan Barat,2023,2088
1351,6109,Kabupaten Sekadau,Kalimantan Barat,2023,1949
1352,6110,Kabupaten Melawi,Kalimantan Barat,2023,1945
1353,6111,Kabupaten Kayong Utara,Kalimantan Barat,2023,2099
1354,6112,Kabupaten Kubu Raya,Kalimantan Barat,2023,1762
1355,6171,Kota Pontianak,Kalimantan Barat,2023,1861
1356,6172,Kota Singkawang,Kalimantan Barat,2023,1859
1357,6201,Kabupaten Kotawaringin Barat,Kalimantan Tengah,2023,2106
1358,6202,Kabupaten Kotawaringin Timur,Kalimantan Tengah,2023,2214
1359,6203,Kabupaten Kapuas,Kalimantan Tengah,2023,2153
1360,6204,Kabupaten Barito Selatan,Kalimantan Tengah,2023,2213
1361,6205,Kabupaten Barito Utara,Kalimantan Tengah,2023,2003
1362,6208,Kabupaten Sukamara,Kalimantan Tengah,2023,2057
1363,6209,Kabupaten Lamandau,Kalimantan Tengah,2023,2314
1364,6207,Kabupaten Seruyan,Kalimantan Tengah,2023,2073
1365,6206,Kabupaten Katingan,Kalimantan Tengah,2023,2119
1366,6211,Kabupaten Pulang Pisau,Kalimantan Tengah,2023,2328
1367,6210,Kabupaten Gunung Mas,Kalimantan Tengah,2023,1939
1368,6213,Kabupaten Barito Timur,Kalimantan Tengah,2023,2211
1369,6212,Kabupaten Murung Raya,Kalimantan Tengah,2023,2003
1370,6271,Kota Palangka Raya,Kalimantan Tengah,2023,2057
1371,6301,Kabupaten Tanah Laut,Kalimantan Selatan,2023,2290
1372,6302,Kabupaten Kota Baru,Kalimantan Selatan,2023,2056
1373,6303,Kabupaten Banjar,Kalimantan Selatan,2023,2133
1374,6304,Kabupaten Barito Kuala,Kalimantan Selatan,2023,2222
1375,6305,Kabupaten Tapin,Kalimantan Selatan,2023,2364
1376,6306,Hulu Sungai Selatan,Kalimantan Selatan,2023,2283
1377,6307,Hulu Sungai Tengah,Kalimantan Selatan,2023,2352
1378,6308,Hulu Sungai Utara,Kalimantan Selatan,2023,2134
1379,6309,Kabupaten Tabalong,Kalimantan Selatan,2023,2141
1380,6310,Kabupaten Tanah Bumbu,Kalimantan Selatan,2023,2177
1381,6311,Kabupaten Balangan,Kalimantan Selatan,2023,2181
1382,6371,Kota Banjarmasin,Kalimantan Selatan,2023,2039
1383,6372,Kota Banjar Baru,Kalimantan Selatan,2023,2105
1384,6401,Kabupaten Paser,Kalimantan Timur,2023,2023
1385,6407,Kabupaten Kutai Barat,Kalimantan Timur,2023,2135
1386,6402,Kabupaten Kutai Kertanegara,Kalimantan Timur,2023,2036
1387,6408,Kabupaten Kutai Timur,Kalimantan Timur,2023,2071
1388,6403,Kabupaten Berau,Kalimantan Timur,2023,1998
1389,6409,Kabupaten Penajam Paser Utara,Kalimantan Timur,2023,1961
1390,6411,Kabupaten Mahakam Ulu,Kalimantan Timur,2023,2049
1391,6471,Kota Balikpapan,Kalimantan Timur,2023,1993
1392,6472,Kota Samarinda,Kalimantan Timur,2023,1976
1393,6474,Kota Bontang,Kalimantan Timur,2023,1885
1394,6502,Kabupaten Malinau,Kalimantan Utara,2023,1828
1395,6501,Kabupaten Bulungan,Kalimantan Utara,2023,2060
1396,6504,Kabupaten Tana Tidung,Kalimantan Utara,2023,1809
1397,6503,Kabupaten Nunukan,Kalimantan Utara,2023,1859
1398,6571,Kota Tarakan,Kalimantan Utara,2023,1863
1399,7101,Kabupaten Bolaang Mongondow,Sulawesi Utara,2023,2112
1400,7102,Kabupaten Minahasa,Sulawesi Utara,2023,2237
1401,7103,Kabupaten Kepulauan Sangihe,Sulawesi Utara,2023,1932
1402,7104,Kabupaten Kepulauan Talaud,Sulawesi Utara,2023,1965
1403,7105,Kabupaten Minahasa Selatan,Sulawesi Utara,2023,2198
1404,7106,Kabupaten Minahasa Utara,Sulawesi Utara,2023,2090
1405,7108,Kabupaten Bolaang Mongondow Utara,Sulawesi Utara,2023,2055
1406,7109,Kabupaten Kep. Siau Tagulandang Biaro,Sulawesi Utara,2023,1955
1407,7107,Kabupaten Minahasa Tenggara,Sulawesi Utara,2023,2190
1408,7111,Kabupaten Bolaang Mongondow Selatan,Sulawesi Utara,2023,2022
1409,7110,Kabupaten Bolaang Mongondow Timur,Sulawesi Utara,2023,2220
1410,7171,Kota Manado,Sulawesi Utara,2023,1982
1411,7172,Kota Bitung,Sulawesi Utara,2023,2206
1412,7173,Kota Tomohon,Sulawesi Utara,2023,2213
1413,7174,Kota Kotamobago,Sulawesi Utara,2023,2042
1414,7207,Kabupaten Banggai Kepulauan,Sulawesi Tengah,2023,2001
1415,7201,Kabupaten Banggai,Sulawesi Tengah,2023,2093
1416,7206,Kabupaten Morowali,Sulawesi Tengah,2023,2256
1417,7202,Kabupaten Poso,Sulawesi Tengah,2023,2222
1418,7203,Kabupaten Donggala,Sulawesi Tengah,2023,2581
1419,7204,Kabupaten Toli-Toli,Sulawesi Tengah,2023,1735
1420,7205,Kabupaten Buol,Sulawesi Tengah,2023,1794
1421,7208,Kabupaten Parigi Moutong,Sulawesi Tengah,2023,1858
1422,7209,Kabupaten Tojo Una-Una,Sulawesi Tengah,2023,1875
1423,7210,Kabupaten Sigi,Sulawesi Tengah,2023,2069
1424,7211,Kabupaten Banggai Laut,Sulawesi Tengah,2023,2138
1425,7212,Kabupaten Morowali Utara,Sulawesi Tengah,2023,2166
1426,7271,Kota Palu,Sulawesi Tengah,2023,2022
1427,7301,Kabupaten Selayar,Sulawesi Selatan,2023,2253
1428,7302,Kabupaten Bulukumba,Sulawesi Selatan,2023,2175
1429,7303,Kabupaten Bantaeng,Sulawesi Selatan,2023,2147
1430,7304,Kabupaten Jeneponto,Sulawesi Selatan,2023,2260
1431,7305,Kabupaten Takalar,Sulawesi Selatan,2023,2315
1432,7306,Kabupaten Gowa,Sulawesi Selatan,2023,2196
1433,7307,Kabupaten Sinjai,Sulawesi Selatan,2023,2116
1434,7309,Kabupaten Maros,Sulawesi Selatan,2023,2237
1435,7310,Kabupaten Pangkajene dan Kepulauan,Sulawesi Selatan,2023,2617
1436,7311,Kabupaten Barru,Sulawesi Selatan,2023,2077
1437,7308,Kabupaten Bone,Sulawesi Selatan,2023,1900
1438,7312,Kabupaten Soppeng,Sulawesi Selatan,2023,2059
1439,7313,Kabupaten Wajo,Sulawesi Selatan,2023,2070
1440,7314,Kabupaten Sidenreng Rappang,Sulawesi Selatan,2023,1961
1441,7315,Kabupaten Pinrang,Sulawesi Selatan,2023,1994
1442,7316,Kabupaten Enrekang,Sulawesi Selatan,2023,2103
1443,7317,Kabupaten Luwu,Sulawesi Selatan,2023,2107
1444,7318,Kabupaten Tana Toraja,Sulawesi Selatan,2023,2124
1445,7322,Kabupaten Luwu Utara,Sulawesi Selatan,2023,2326
1446,7324,Kabupaten Luwu Timur,Sulawesi Selatan,2023,2161
1447,7326,Kabupaten Toraja Utara,Sulawesi Selatan,2023,2021
1448,7371,Kota Makasar,Sulawesi Selatan,2023,1988
1449,7372,Kota Pare-Pare,Sulawesi Selatan,2023,2061
1450,7373,Kota Palopo,Sulawesi Selatan,2023,1907
1451,7404,Kabupaten Buton,Sulawesi Tenggara,2023,2014
1452,7403,Kabupaten Muna,Sulawesi Tenggara,2023,1893
1453,7402,Kabupaten Konawe,Sulawesi Tenggara,2023,2089
1454,7401,Kabupaten Kolaka,Sulawesi Tenggara,2023,2236
1455,7405,Kabupaten Konawe Selatan,Sulawesi Tenggara,2023,2041
1456,7406,Kabupaten Bombana,Sulawesi Tenggara,2023,2044
1457,7407,Kabupaten Wakatobi,Sulawesi Tenggara,2023,2113
1458,7408,Kabupaten Kolaka Utara,Sulawesi Tenggara,2023,2085
1459,7410,Kabupaten Buton Utara,Sulawesi Tenggara,2023,2055
1460,7409,Kabupaten Konawe Utara,Sulawesi Tenggara,2023,2006
1461,7411,Kabupaten Kolaka Timur,Sulawesi Tenggara,2023,1986
1462,7412,Kabupaten Konawe Kepulauan,Sulawesi Tenggara,2023,1964
1463,7413,Kabupaten Muna Barat,Sulawesi Tenggara,2023,1882
1464,7414,Kabupaten Buton Tengah,Sulawesi Tenggara,2023,1779
1465,7415,Kabupaten Buton Selatan,Sulawesi Tenggara,2023,2003
1466,7471,Kota Kendari,Sulawesi Tenggara,2023,2053
1467,7472,Kota Bau-Bau,Sulawesi Tenggara,2023,1712
1468,7502,Kabupaten Boalemo,Gorontalo,2023,2311
1469,7501,Kabupaten Gorontalo,Gorontalo,2023,2003
1470,7504,Kabupaten Pohuwato,Gorontalo,2023,1955
1471,7503,Kabupaten Bone Bolango,Gorontalo,2023,1814
1472,7505,Kabupaten Gorontalo Utara,Gorontalo,2023,2151
1473,7571,Kota Gorontalo,Gorontalo,2023,1822
1474,7605,Kabupaten Majene,Sulawesi Barat,2023,2189
1475,7604,Kabupaten Polewali Mandar,Sulawesi Barat,2023,2211
1476,7603,Kabupaten Mamasa,Sulawesi Barat,2023,1960
1477,7602,Kabupaten Mamuju,Sulawesi Barat,2023,2008
1478,7601,Kabupaten Mamuju Utara,Sulawesi Barat,2023,2148
1479,7606,Kabupaten Mamuju Tengah,Sulawesi Barat,2023,1938
1480,8103,Kabupaten Kepulauan Tanimbar,Maluku,2023,1640
1481,8102,Kabupaten Maluku Tenggara,Maluku,2023,1801
1482,8101,Kabupaten Maluku Tengah,Maluku,2023,1957
1483,8104,Kabupaten Buru,Maluku,2023,1827
1484,8107,Kabupaten Kepulauan Aru,Maluku,2023,1760
1485,8106,Kabupaten Seram Bagian Barat,Maluku,2023,1928
1486,8105,Kabupaten Seram Bagian Timur,Maluku,2023,1950
1487,8108,Kabupaten Maluku Barat Daya,Maluku,2023,2140
1488,8109,Kabupaten Buru Selatan,Maluku,2023,1652
1489,8171,Kota Ambon,Maluku,2023,1668
1490,8172,Kota Tual,Maluku,2023,1855
1491,8201,Kabupaten Halmahera Barat,Maluku Utara,2023,1957
1492,8202,Kabupaten Halmahera Tengah,Maluku Utara,2023,1701
1493,8205,Kabupaten Kepulauan Sula,Maluku Utara,2023,1798
1494,8204,Kabupaten Halmahera Selatan,Maluku Utara,2023,1898
1495,8203,Kabupaten Halmahera Utara,Maluku Utara,2023,1725
1496,8206,Kabupaten Halmahera Timur,Maluku Utara,2023,1609
1497,8207,Kabupaten Pulau Morotai,Maluku Utara,2023,2123
1498,8208,Kabupaten Pulau Taliabu,Maluku Utara,2023,2029
1499,8271,Kota Ternate,Maluku Utara,2023,1753
1500,8272,Kota Tidore Kepulauan,Maluku Utara,2023,1833
1501,9203,Kabupaten Fak-Fak,Papua Barat,2023,1727
1502,9208,Kabupaten Kaimana,Papua Barat,2023,1839
1503,9207,Kabupaten Teluk Wondama,Papua Barat,2023,1914
1504,9206,Kabupaten Teluk Bintuni,Papua Barat,2023,1898
1505,9202,Kabupaten Manokwari,Papua Barat,2023,1895
1506,9204,Kabupaten Sorong Selatan,Papua Barat,2023,1765
1507,9201,Kabupaten Sorong,Papua Barat,2023,1994
1508,9205,Kabupaten Raja Ampat,Papua Barat,2023,1995
1509,9209,Kabupaten Tambrauw,Papua Barat,2023,1679
1510,9210,Kabupaten Maybrat,Papua Barat,2023,1643
1511,9211,Kabupaten Manokwari Selatan,Papua Barat,2023,1857
1512,9212,Kabupaten Pegunungan Arfak,Papua Barat,2023,1761
1513,9271,Kota Sorong,Papua Barat,2023,1869
1514,9101,Kabupaten Merauke,Papua,2023,1976
1515,9102,Kabupaten Jayawijaya,Papua,2023,1794
1516,9103,Kabupaten Jayapura,Papua,2023,2273
1517,9104,Kabupaten Nabire,Papua,2023,2052
1518,9105,Kabupaten Kepulauan Yapen,Papua,2023,1879
1519,9106,Kabupaten Biak Namfor,Papua,2023,1529
1520,9108,Kabupaten Paniai,Papua,2023,1853
1521,9107,Kabupaten Puncak Jaya,Papua,2023,1584
1522,9109,Kabupaten Mimika,Papua,2023,1763
1523,9116,Kabupaten Boven Digoel,Papua,2023,1657
1524,9117,Kabupaten Mappi,Papua,2023,1611
1525,9118,Kabupaten Asmat,Papua,2023,1703
1526,9113,Kabupaten Yahukimo,Papua,2023,1844
1527,9112,Kabupaten Pegunungan Bintang,Papua,2023,1796
1528,9114,Kabupaten Tolikara,Papua,2023,2259
1529,9110,Kabupaten Sarmi,Papua,2023,1894
1530,9111,Kabupaten Keerom,Papua,2023,1584
1531,9115,Kabupaten Waropen,Papua,2023,1743
1532,9119,Kabupaten Supiori,Papua,2023,2106
1533,9120,Kabupaten Mamberamo Raya,Papua,2023,1875
1534,9124,Kabupaten Nduga,Papua,2023,1767
1535,9123,Kabupaten Lanny Jaya,Papua,2023,2735
1536,9121,Kabupaten Mamberamo Tengah,Papua,2023,2080
1537,9122,Kabupaten Yalimo,Papua,2023,2201
1538,9125,Kabupaten Puncak,Papua,2023,1618
1539,9126,Kabupaten Dogiyai,Papua,2023,1686
1540,9127,Kabupaten Intan Jaya,Papua,2023,1746
1541,9128,Kabupaten Deiyai,Papua,2023,1784
1542,9171,Kota Jayapura,Papua,2023,1976
